-- insert values in customers table

INSERT INTO customers (customer_id, customer_name, city, state, signup_date) VALUES
(1,  'Emma Johnson',      'Austin',        'TX', '2023-02-14'),
(2,  'Liam Chen',         'Seattle',       'WA', '2023-03-22'),
(3,  'Sofia Rodriguez',  'Miami',         'FL', '2023-04-05'),
(4,  'Noah Williams',     'Portland',      'OR', '2023-05-18'),
(5,  'Ava Patel',         'Denver',        'CO', '2023-06-30'),
(6,  'Ethan Kim',         'Boston',        'MA', '2023-07-12'),
(7,  'Isabella Martinez', 'Phoenix',       'AZ', '2023-08-09'),
(8,  'Mason Lee',         'Raleigh',       'NC', '2023-09-21'),
(9,  'Olivia Brown',      'Nashville',     'TN', '2023-10-04'),
(10, 'Lucas Taylor',      'Minneapolis',   'MN', '2023-11-17'),
(11, 'Mia Anderson',      'Chicago',       'IL', '2023-12-02'),
(12, 'James Garcia',      'San Diego',     'CA', '2024-01-19'),
(13, 'Charlotte Davis',   'Atlanta',       'GA', '2024-02-08'),
(14, 'Benjamin Wilson',   'Houston',       'TX', '2024-02-27'),
(15, 'Amelia Moore',      'Las Vegas',     'NV', '2024-03-14'),
(16, 'Henry Jackson',     'Salt Lake City','UT', '2024-04-03'),
(17, 'Harper White',      'Orlando',       'FL', '2024-04-22'),
(18, 'Alexander Harris',  'Columbus',      'OH', '2024-05-11'),
(19, 'Evelyn Clark',      'Charlotte',     'NC', '2024-05-30'),
(20, 'Daniel Lewis',      'Indianapolis',  'IN', '2024-06-18'),
(21, 'Abigail Walker',    'Kansas City',   'MO', '2024-07-07'),
(22, 'Matthew Hall',      'New Orleans',   'LA', '2024-07-26'),
(23, 'Ella Young',        'Oklahoma City', 'OK', '2024-08-14'),
(24, 'Jack King',         'Albuquerque',   'NM', '2024-09-02'),
(25, 'Scarlett Wright',   'Tucson',        'AZ', '2024-09-21'),
(26, 'Samuel Lopez',      'Fresno',        'CA', '2024-10-10'),
(27, 'Grace Hill',        'Mesa',          'AZ', '2024-10-29'),
(28, 'Owen Scott',        'Sacramento',    'CA', '2024-11-17'),
(29, 'Lily Green',        'Virginia Beach','VA', '2024-12-06'),
(30, 'Chloe Adams',       'Milwaukee',     'WI', '2025-01-14');

-- insert values in products table

INSERT INTO products (product_id, product_name, category, unit_price) VALUES
(1,  'Wireless Earbuds Pro',      'Electronics',    79.99),
(2,  'Organic Coffee Beans 1lb',  'Grocery',        14.50),
(3,  'Yoga Mat Premium',          'Sports',         29.95),
(4,  '4K Webcam',                 'Electronics',    119.00),
(5,  'Almond Milk 64oz',          'Grocery',         3.99),
(6,  'Running Shoes Men',         'Footwear',       89.90),
(7,  'Bluetooth Speaker Mini',    'Electronics',    39.95),
(8,  'Greek Yogurt 32oz',         'Grocery',         5.49),
(9,  'Dumbbell Set 20lb',         'Sports',         45.00),
(10, 'Laptop Stand Aluminum',     'Electronics',    34.99),
(11, 'Granola Bars Box of 12',    'Grocery',         7.95),
(12, 'Women’s Hiking Boots',      'Footwear',       119.50),
(13, 'Mechanical Keyboard RGB',   'Electronics',    69.99),
(14, 'Avocado Oil 500ml',         'Grocery',        12.99),
(15, 'Resistance Bands Set',      'Sports',         24.95),
(16, 'USB-C Hub 7-in-1',          'Electronics',    49.99),
(17, 'Dark Chocolate 85% 6-pack', 'Grocery',         9.95),
(18, 'Basketball Indoor/Outdoor', 'Sports',         29.99),
(19, 'Ergonomic Mouse',           'Electronics',    27.50),
(20, 'Quinoa 5lb Bag',            'Grocery',        18.75),
(21, 'Sneakers Classic White',    'Footwear',       64.95),
(22, 'Smart Plug 4-pack',         'Electronics',    39.99),
(23, 'Protein Powder Vanilla',    'Grocery',        34.95),
(24, 'Jump Rope Speed',           'Sports',         14.99),
(25, 'Phone Case Shockproof',     'Electronics',    19.99),
(26, 'Maple Syrup Grade A',       'Grocery',        11.50),
(27, 'Running Belt',              'Sports',         22.00),
(28, 'Webcam Cover 10-pack',      'Electronics',     6.99),
(29, 'Trail Mix 2lb',             'Grocery',        13.95),
(30, 'Ankle Weights 5lb Pair',    'Sports',         28.50);

-- insert values in orders table

INSERT INTO orders (order_id, customer_id, order_date, total_amount, payment_method) VALUES
(1,  3, '2024-01-15', 184.94, 'UPI'),
(2,  7, '2024-01-16',  39.95, 'Card'),
(3, 12, '2024-01-18', 129.98, 'COD'),
(4,  1, '2024-01-20',  79.99, 'UPI'),
(5, 19, '2024-01-22',  69.99, 'Card'),
(6, 25, '2024-01-25',  45.00, 'UPI'),
(7,  8, '2024-02-01',  14.50, 'COD'),
(8, 14, '2024-02-03', 119.50, 'Card'),
(9, 30, '2024-02-05',  89.90, 'UPI'),
(10, 6, '2024-02-07',  49.99, 'Card'),
(11, 2, '2024-02-10',  27.50, 'UPI'),
(12, 4, '2024-02-12',  34.95, 'COD'),
(13, 9, '2024-02-15',  29.95, 'UPI'),
(14, 15,'2024-02-18',  24.95, 'Card'),
(15, 21,'2024-02-20',  18.75, 'UPI'),
(16, 28,'2024-02-22',  39.99, 'Card'),
(17, 11,'2024-03-01',  69.99, 'COD'),
(18, 17,'2024-03-03', 119.00, 'UPI'),
(19, 23,'2024-03-05',  64.95, 'Card'),
(20, 5, '2024-03-08',  79.99, 'UPI'),
(21, 13,'2024-03-10',  45.00, 'COD'),
(22, 20,'2024-03-12',  14.99, 'UPI'),
(23, 27,'2024-03-15',  29.99, 'Card'),
(24, 10,'2024-03-18',  34.99, 'UPI'),
(25, 16,'2024-03-20',  11.50, 'COD'),
(26, 22,'2024-04-01',  89.90, 'UPI'),
(27, 29,'2024-04-03',  19.99, 'Card'),
(28, 18,'2024-04-05',  28.50, 'UPI'),
(29, 24,'2024-04-08',  39.95, 'COD'),
(30, 26,'2024-04-10',  69.99, 'UPI'),
(31,  1, '2024-04-12', 159.98, 'Card'),  -- 2 × Earbuds
(32,  3, '2024-04-15',  94.95, 'UPI'),   -- Yoga + Bands
(33,  7, '2024-04-18',  27.50, 'COD'),
(34, 12, '2024-04-20',  49.99, 'UPI'),
(35, 19, '2024-05-01',  79.99, 'Card'),
(36, 25, '2024-05-03',  64.95, 'UPI'),
(37,  8, '2024-05-05',  18.75, 'COD'),
(38, 14, '2024-05-08', 119.50, 'UPI'),
(39, 30, '2024-05-10',  89.90, 'Card'),
(40,  6, '2024-05-12',  34.95, 'UPI'),
(41,  2, '2024-05-15',  45.00, 'COD'),
(42,  4, '2024-05-18',  29.95, 'UPI'),
(43,  9, '2024-05-20',  24.95, 'Card'),
(44, 15, '2024-06-01',  79.99, 'UPI'),
(45, 21, '2024-06-03',  39.99, 'COD'),
(46, 28, '2024-06-05', 119.00, 'Card'),
(47, 11, '2024-06-08',  69.99, 'UPI'),
(48, 17, '2024-06-10',  14.50, 'COD'),
(49, 23, '2024-06-12',  89.90, 'UPI'),
(50,  5, '2024-06-15', 199.97, 'Card');  -- Webcam + Keyboard + Mouse

-- insert values in order_items table

INSERT INTO order_items (item_id, order_id, product_id, quantity, unit_price) VALUES
(1,   1,  1, 2, 79.99),  
(2,   1, 15, 1, 24.95),  -- 184.94
(3,   2,  7, 1, 39.95),
(4,   3,  4, 1, 119.00), 
(5,   3, 19, 1, 10.98),  -- 129.98
(6,   4,  1, 1, 79.99),
(7,   5, 13, 1, 69.99),
(8,   6,  9, 1, 45.00),
(9,   7,  2, 1, 14.50),
(10,  8, 12, 1, 119.50),
(11,  9,  6, 1, 89.90),
(12, 10, 16, 1, 49.99),
(13, 11, 19, 1, 27.50),
(14, 12, 23, 1, 34.95),
(15, 13,  3, 1, 29.95),
(16, 14, 15, 1, 24.95),
(17, 15, 20, 1, 18.75),
(18, 16, 22, 1, 39.99),
(19, 17, 13, 1, 69.99),
(20, 18,  4, 1, 119.00),
(21, 19, 21, 1, 64.95),
(22, 20,  1, 1, 79.99),
(23, 21,  9, 1, 45.00),
(24, 22, 24, 1, 14.99),
(25, 23, 18, 1, 29.99),
(26, 24, 10, 1, 34.99),
(27, 25, 26, 1, 11.50),
(28, 26,  6, 1, 89.90),
(29, 27, 25, 1, 19.99),
(30, 28, 30, 1, 28.50),
(31, 29,  7, 1, 39.95),
(32, 30, 13, 1, 69.99),

-- Order 31: Emma buys 2 × Earbuds
(33, 31,  1, 2, 79.99),

-- Order 32: Sofia bundles Yoga Mat + Bands
(34, 32,  3, 1, 29.95), 
(35, 32, 15, 1, 24.95), 
(36, 32, 27, 1, 22.00),

-- The rest (33–50)
(37, 33, 19, 1, 27.50),
(38, 34, 16, 1, 49.99),
(39, 35,  1, 1, 79.99),
(40, 36, 21, 1, 64.95),
(41, 37, 20, 1, 18.75),
(42, 38, 12, 1, 119.50),
(43, 39,  6, 1, 89.90),
(44, 40, 23, 1, 34.95),
(45, 41,  9, 1, 45.00),
(46, 42,  3, 1, 29.95),
(47, 43, 15, 1, 24.95),
(48, 44,  1, 1, 79.99),
(49, 45, 22, 1, 39.99),
(50, 46,  4, 1, 119.00),
(51, 47, 13, 1, 69.99),
(52, 48,  2, 1, 14.50),
(53, 49,  6, 1, 89.90),

-- Order 50: Ava goes big (Webcam + Keyboard + Mouse)
(54, 50,  4, 1, 119.00),
(55, 50, 13, 1, 69.99),
(56, 50, 19, 1, 27.50),

-- Bonus 64 extra realistic items (IDs 57–120)
(57,  1, 25, 1, 19.99), (58,  2, 28, 2, 6.99),
(59,  3,  2, 3, 14.50), (60,  4, 18, 1, 29.99),
(61,  5, 23, 2, 34.95), (62,  6, 27, 1, 22.00),
(63,  7, 11, 4, 7.95),  (64,  8,  5, 2, 3.99),
(65,  9, 30, 1, 28.50), (66, 10,  7, 1, 39.95),
(67, 11, 14, 1, 12.99), (68, 12, 29, 2, 13.95),
(69, 13, 24, 3, 14.99), (70, 14,  8, 1, 5.49),
(71, 15, 17, 2, 9.95),  (72, 16, 10, 1, 34.99),
(73, 17, 21, 1, 64.95), (74, 18, 12, 1, 119.50),
(75, 19,  1, 1, 79.99), (76, 20, 15, 2, 24.95),
(77, 21,  9, 1, 45.00), (78, 22, 26, 1, 11.50),
(79, 23, 18, 1, 29.99), (80, 24, 20, 1, 18.75),
(81, 25,  3, 1, 29.95), (82, 26,  6, 1, 89.90),
(83, 27, 25, 2, 19.99), (84, 28, 30, 1, 28.50),
(85, 29,  7, 1, 39.95), (86, 30, 13, 1, 69.99),
(87, 31,  3, 1, 29.95), (88, 32, 27, 1, 22.00),
(89, 33, 19, 2, 27.50), (90, 34, 16, 1, 49.99),
(91, 35,  1, 1, 79.99), (92, 36, 21, 1, 64.95),
(93, 37, 20, 1, 18.75), (94, 38, 12, 1, 119.50),
(95, 39,  6, 1, 89.90), (96, 40, 23, 1, 34.95),
(97, 41,  9, 1, 45.00), (98, 42,  3, 1, 29.95),
(99, 43, 15, 1, 24.95), (100,44,  1, 1, 79.99),
(101,45, 22, 2, 39.99), (102,46,  4, 1, 119.00),
(103,47, 13, 1, 69.99), (104,48,  2, 1, 14.50),
(105,49,  6, 1, 89.90), (106,50, 25, 1, 19.99),
(107, 1, 17, 1, 9.95),  (108, 2, 11, 2, 7.95),
(109, 3,  8, 3, 5.49),  (110, 4, 24, 1, 14.99),
(111, 5, 27, 1, 22.00), (112, 6, 18, 1, 29.99),
(113, 7, 14, 1, 12.99), (114, 8, 29, 1, 13.95),
(115, 9, 28, 4, 6.99),  (116,10, 26, 1, 11.50),
(117,11,  5, 2, 3.99),  (118,12, 23, 1, 34.95),
(119,13,  1, 1, 79.99), (120,14, 21, 1, 64.95);

-- insert values in stores table

INSERT INTO stores (store_id, store_name, city, region) VALUES
(1,  'Downtown Flagship',        'Austin',         'South'),
(2,  'Tech Campus Store',        'Seattle',        'Northwest'),
(3,  'Ocean Drive Outlet',       'Miami',          'South'),
(4,  'Pearl District',           'Portland',       'Northwest'),
(5,  'Mile High Mall',           'Denver',         'West'),
(6,  'Harbor Walk',              'Boston',         'Northeast'),
(7,  'Desert Bloom',             'Phoenix',        'Southwest'),
(8,  'Triangle Town Center',     'Raleigh',        'Southeast'),
(9,  'Music Row Mini',           'Nashville',      'South'),
(10, 'Windy City Hub',           'Chicago',        'Midwest'),
(11, 'Coastal Corner',           'San Diego',      'West'),
(12, 'Peachtree Plaza',          'Atlanta',        'Southeast'),
(13, 'Sunshine Strip',           'Orlando',        'South'),
(14, 'Riverwalk Depot',          'San Antonio',    'South'),
(15, 'Gateway Galleria',         'St. Louis',      'Midwest');

-- insert values in shipments table

INSERT INTO shipments (shipment_id, order_id, shipped_date, delivered_date, status) VALUES
(1,  1, '2024-01-16', '2024-01-19', 'Delivered'),
(2,  2, '2024-01-17', '2024-01-20', 'Delivered'),
(3,  3, '2024-01-19', '2024-01-23', 'Delivered'),
(4,  4, '2024-01-21', '2024-01-24', 'Delivered'),
(5,  5, '2024-01-23', '2024-01-26', 'Delivered'),
(6,  6, '2024-01-26', '2024-01-29', 'Delivered'),
(7,  7, '2024-02-02', '2024-02-05', 'Delivered'),
(8,  8, '2024-02-04', '2024-02-08', 'Returned'),     -- customer changed mind
(9,  9, '2024-02-06', '2024-02-09', 'Delivered'),
(10,10, '2024-02-08', '2024-02-11', 'Delivered'),
(11,11, '2024-02-11', '2024-02-14', 'Delivered'),
(12,12, '2024-02-13', '2024-02-17', 'Delivered'),
(13,13, '2024-02-16', '2024-02-19', 'Delivered'),
(14,14, '2024-02-19', '2024-02-22', 'Delivered'),
(15,15, '2024-02-21', '2024-02-24', 'Delivered'),
(16,16, '2024-02-23', '2024-02-27', 'Delivered'),
(17,17, '2024-03-02', '2024-03-05', 'Delivered'),
(18,18, '2024-03-04', '2024-03-07', 'Delivered'),
(19,19, '2024-03-06', '2024-03-10', 'Delivered'),
(20,20, '2024-03-09', '2024-03-12', 'Delivered'),
(21,21, '2024-03-11', '2024-03-14', 'Delivered'),
(22,22, '2024-03-13', '2024-03-16', 'Delivered'),
(23,23, '2024-03-16', '2024-03-20', 'Delivered'),
(24,24, '2024-03-19', '2024-03-22', 'Delivered'),
(25,25, '2024-03-21', '2024-03-24', 'Cancelled'),    -- customer cancelled
(26,26, '2024-04-02', '2024-04-05', 'Delivered'),
(27,27, '2024-04-04', '2024-04-07', 'Delivered'),
(28,28, '2024-04-06', '2024-04-09', 'Delivered'),
(29,29, '2024-04-09', '2024-04-12', 'Delivered'),
(30,30, '2024-04-11', '2024-04-14', 'Delivered'),
(31,31, '2024-04-13', '2024-04-16', 'Delivered'),
(32,32, '2024-04-16', '2024-04-19', 'Delivered'),
(33,33, '2024-04-19', '2024-04-22', 'Delivered'),
(34,34, '2024-04-21', '2024-04-24', 'Delivered'),
(35,35, '2024-05-02', '2024-05-05', 'Delivered'),
(36,36, '2024-05-04', '2024-05-07', 'Delivered'),
(37,37, '2024-05-06', '2024-05-09', 'Delivered'),
(38,38, '2024-05-09', '2024-05-13', 'Returned'),     -- wrong size
(39,39, '2024-05-11', '2024-05-14', 'Delivered'),
(40,40, '2024-05-13', '2024-05-16', 'Delivered'),
(41,41, '2024-05-16', '2024-05-19', 'Delivered'),
(42,42, '2024-05-19', '2024-05-22', 'Delivered'),
(43,43, '2024-05-21', '2024-05-24', 'Delivered'),
(44,44, '2024-06-02', '2024-06-05', 'Delivered'),
(45,45, '2024-06-04', '2024-06-07', 'Delivered'),
(46,46, '2024-06-06', '2024-06-09', 'Delivered'),
(47,47, '2024-06-09', '2024-06-12', 'Delivered'),
(48,48, '2024-06-11', '2024-06-14', 'Delivered'),
(49,49, '2024-06-13', '2024-06-16', 'Delivered'),
(50,50, '2024-06-16', NULL,         'Delivered');   -- same-day delivery!