-- Insert values on Employees table
INSERT INTO Employees (emp_id, first_name, last_name, gender, dob, hire_date, dept_id, job_id, salary, manager_id) VALUES
(1, 'Aarav', 'Sharma', 'M', '1990-03-15', '2015-06-10', 101, 201, 75000.00, NULL),
(2, 'Aditi', 'Patel', 'F', '1988-07-22', '2014-09-01', 102, 202, 82000.00, 1),
(3, 'Arjun', 'Singh', 'M', '1992-11-30', '2016-03-20', 101, 203, 68000.00, 1),
(4, 'Ananya', 'Verma', 'F', '1995-05-18', '2018-01-15', 103, 204, 72000.00, 2),
(5, 'Vikram', 'Kumar', 'M', '1987-09-12', '2013-11-05', 102, 205, 95000.00, 1),
(6, 'Priya', 'Mehta', 'F', '1993-02-28', '2017-07-12', 104, 206, 65000.00, 4),
(7, 'Rohan', 'Gupta', 'M', '1991-08-08', '2015-10-03', 101, 207, 70000.00, 1),
(8, 'Sneha', 'Reddy', 'F', '1989-12-04', '2014-04-22', 103, 208, 78000.00, 2),
(9, 'Karan', 'Joshi', 'M', '1994-06-17', '2019-02-28', 105, 209, 62000.00, 5),
(10, 'Ishaan', 'Nair', 'M', '1986-10-25', '2012-08-14', 102, 210, 88000.00, 1),
(11, 'Diya', 'Malhotra', 'F', '1996-01-09', '2020-05-11', 104, 201, 58000.00, 6),
(12, 'Neil', 'Desai', 'M', '1990-04-21', '2016-12-01', 101, 202, 74000.00, 1),
(13, 'Riya', 'Chopra', 'F', '1993-09-14', '2018-03-19', 103, 203, 69000.00, 4),
(14, 'Siddharth', 'Bose', 'M', '1988-11-27', '2013-07-30', 105, 204, 91000.00, 5),
(15, 'Tanya', 'Agarwal', 'F', '1995-07-03', '2019-11-25', 102, 205, 66000.00, 2),
(16, 'Yash', 'Mishra', 'M', '1991-03-19', '2017-09-08', 104, 206, 71000.00, 6),
(17, 'Zoya', 'Khan', 'F', '1987-05-31', '2014-02-17', 101, 207, 79000.00, 1),
(18, 'Aryan', 'Rao', 'M', '1994-10-06', '2020-01-14', 103, 208, 63000.00, 8),
(19, 'Bhavya', 'Saxena', 'F', '1992-12-12', '2018-06-05', 105, 209, 73000.00, 14),
(20, 'Chetan', 'Yadav', 'M', '1989-08-29', '2015-04-11', 102, 210, 85000.00, 5),
(21, 'Divya', 'Thakur', 'F', '1996-02-15', '2021-03-22', 104, 201, 57000.00, 11),
(22, 'Esha', 'Jain', 'F', '1990-06-27', '2016-10-18', 101, 202, 76000.00, 1),
(23, 'Faisal', 'Ali', 'M', '1993-11-11', '2019-08-07', 103, 203, 67000.00, 13),
(24, 'Gauri', 'Pandey', 'F', '1988-01-23', '2013-12-04', 105, 204, 92000.00, 14),
(25, 'Harsh', 'Dubey', 'M', '1995-04-05', '2020-07-15', 102, 205, 64000.00, 15),
(26, 'Isha', 'Sinha', 'F', '1991-09-18', '2017-11-30', 104, 206, 72000.00, 16),
(27, 'Jai', 'Trivedi', 'M', '1987-07-07', '2014-05-20', 101, 207, 81000.00, 1),
(28, 'Kavya', 'Bhat', 'F', '1994-12-30', '2021-02-09', 103, 208, 61000.00, 18),
(29, 'Laksh', 'Shetty', 'M', '1992-05-14', '2018-09-26', 105, 209, 75000.00, 19),
(30, 'Meera', 'Iyer', 'F', '1989-10-19', '2015-01-12', 102, 210, 87000.00, 20),
(31, 'Nikhil', 'Pillai', 'M', '1996-03-02', '2022-04-05', 104, 201, 56000.00, 21),
(32, 'Ojas', 'Menon', 'M', '1990-08-16', '2016-11-23', 101, 202, 77000.00, 1),
(33, 'Pooja', 'Rajan', 'F', '1993-01-28', '2019-10-14', 103, 203, 68000.00, 23),
(34, 'Qasim', 'Hussain', 'M', '1988-06-11', '2013-03-27', 105, 204, 93000.00, 24),
(35, 'Rhea', 'Kapoor', 'F', '1995-11-24', '2020-12-01', 102, 205, 65000.00, 25),
(36, 'Samar', 'Gill', 'M', '1991-04-07', '2017-08-19', 104, 206, 73000.00, 26),
(37, 'Tara', 'Sethi', 'F', '1987-09-30', '2014-07-06', 101, 207, 80000.00, 1),
(38, 'Uday', 'Prasad', 'M', '1994-02-13', '2021-05-17', 103, 208, 60000.00, 28),
(39, 'Vani', 'Chaudhary', 'F', '1992-07-26', '2018-12-03', 105, 209, 74000.00, 29),
(40, 'Waman', 'Shukla', 'M', '1989-12-09', '2015-09-21', 102, 210, 86000.00, 30),
(41, 'Xara', 'Varghese', 'F', '1996-05-22', '2022-06-28', 104, 201, 55000.00, 31),
(42, 'Yuvan', 'Nambiar', 'M', '1990-10-04', '2016-04-15', 101, 202, 78000.00, 1),
(43, 'Zara', 'Fernandes', 'F', '1993-03-17', '2019-01-30', 103, 203, 69000.00, 33),
(44, 'Aadi', 'Banerjee', 'M', '1988-08-29', '2013-10-08', 105, 204, 94000.00, 34),
(45, 'Bela', 'Luthra', 'F', '1995-01-11', '2020-09-14', 102, 205, 66000.00, 35),
(46, 'Chirag', 'Kaur', 'M', '1991-06-24', '2017-12-11', 104, 206, 72000.00, 36),
(47, 'Disha', 'Mannan', 'F', '1987-11-06', '2014-11-19', 101, 207, 82000.00, 1),
(48, 'Eklavya', 'Sen', 'M', '1994-04-19', '2021-08-02', 103, 208, 62000.00, 38),
(49, 'Falguni', 'Devi', 'F', '1992-09-01', '2018-05-24', 105, 209, 76000.00, 39),
(50, 'Gagan', 'Rastogi', 'M', '1989-02-14', '2015-06-30', 102, 210, 89000.00, 40);

-- Insert values on Departments table
INSERT INTO Departments (dept_id, dept_name, location_id) VALUES
(101, 'Human Resources', 1001),
(102, 'Finance', 1002),
(103, 'Information Technology', 1003),
(104, 'Marketing', 1004),
(105, 'Operations', 1005);

-- Insert values on Jobs table
INSERT INTO Jobs (job_id, job_title, min_salary, max_salary) VALUES
(201, 'HR Manager', 65000.00, 95000.00),
(202, 'Accountant', 60000.00, 90000.00),
(203, 'Software Engineer', 70000.00, 120000.00),
(204, 'Marketing Specialist', 55000.00, 85000.00),
(205, 'Operations Manager', 75000.00, 110000.00),
(206, 'HR Executive', 45000.00, 65000.00),
(207, 'Senior Accountant', 80000.00, 110000.00),
(208, 'DevOps Engineer', 85000.00, 140000.00),
(209, 'Digital Marketing Lead', 70000.00, 100000.00),
(210, 'Logistics Coordinator', 50000.00, 75000.00);

-- Insert values on Locations table
INSERT INTO Locations (location_id, city, country) VALUES
(1001, 'Mumbai', 'India'),
(1002, 'Delhi', 'India'),
(1003, 'Bengaluru', 'India'),
(1004, 'Hyderabad', 'India'),
(1005, 'Pune', 'India');

-- Insert values on Performance table
INSERT INTO Performance (review_id, emp_id, year, rating, remark) VALUES
(301, 1, 2024, 5, 'Outstanding leadership and strategic vision for the company.'),
(302, 2, 2024, 4, 'Strong financial oversight; improved cost controls.'),
(303, 3, 2024, 4, 'Consistently delivers high-quality code on time.'),
(304, 4, 2024, 3, 'Good campaign execution; needs to focus on ROI analysis.'),
(305, 5, 2024, 5, 'Exceptional operations management; streamlined logistics.'),
(306, 6, 2024, 3, 'Solid HR support; can improve employee engagement initiatives.'),
(307, 7, 2024, 4, 'Reliable senior accountant; excellent audit preparation.'),
(308, 8, 2024, 5, 'Expert DevOps implementation; reduced deployment time by 40%.'),
(309, 9, 2024, 3, 'Creative marketing ideas; needs better follow-through.'),
(310, 10, 2024, 4, 'Veteran logistics coordinator; maintains smooth supply chain.'),
(311, 11, 2024, 2, 'New hire; still adapting to team processes.'),
(312, 12, 2024, 4, 'Strong technical skills; good team player.'),
(313, 13, 2024, 3, 'Meets expectations; room for innovation in campaigns.'),
(314, 14, 2024, 5, 'Outstanding senior leadership in IT infrastructure.'),
(315, 15, 2024, 3, 'Consistent performer; can take more initiative.'),
(316, 16, 2024, 4, 'Effective in operations coordination.'),
(317, 17, 2024, 4, 'HR policies well-implemented; good conflict resolution.'),
(318, 18, 2024, 3, 'Developing digital marketing skills; needs mentoring.'),
(319, 19, 2024, 4, 'Reliable in financial reporting.'),
(320, 20, 2024, 5, 'Top performer in operations; promoted to lead.'),
(321, 21, 2024, 2, 'Junior role; learning phase; shows potential.'),
(322, 22, 2024, 4, 'Excellent software engineering output.'),
(323, 23, 2024, 3, 'Good marketing execution; needs data-driven decisions.'),
(324, 24, 2024, 5, 'Senior operations role; excellent crisis management.'),
(325, 25, 2024, 3, 'Meets deadlines; can improve communication.'),
(326, 26, 2024, 4, 'Strong HR administration; good with compliance.'),
(327, 27, 2024, 4, 'Senior accountant; accurate and detail-oriented.'),
(328, 28, 2024, 3, 'Learning cloud infrastructure; needs more hands-on.'),
(329, 29, 2024, 4, 'Good digital campaign performance.'),
(330, 30, 2024, 5, 'Outstanding logistics management; reduced costs.'),
(331, 31, 2024, 2, 'Recent hire; adapting to company culture.'),
(332, 32, 2024, 4, 'Solid engineering; contributes to code reviews.'),
(333, 33, 2024, 3, 'Marketing specialist; needs strategic input.'),
(334, 34, 2024, 5, 'Senior IT leader; drives innovation.'),
(335, 35, 2024, 3, 'Operations role; meets targets.'),
(336, 36, 2024, 4, 'HR executive; good with onboarding.'),
(337, 37, 2024, 4, 'Finance; accurate reporting.'),
(338, 38, 2024, 3, 'DevOps; learning automation tools.'),
(339, 39, 2024, 4, 'Marketing lead; good team coordination.'),
(340, 40, 2024, 5, 'Top operations performer; handles high volume.'),
(341, 41, 2024, 2, 'New employee; training in progress.'),
(342, 42, 2024, 4, 'Strong engineer; good problem solver.'),
(343, 43, 2024, 3, 'Marketing; executes well, needs creativity.'),
(344, 44, 2024, 5, 'Senior finance; excellent budget management.'),
(345, 45, 2024, 3, 'Operations; reliable daily tasks.'),
(346, 46, 2024, 4, 'HR; good employee relations.'),
(347, 47, 2024, 4, 'Senior accountant; audit-ready.'),
(348, 48, 2024, 3, 'DevOps; improving deployment pipelines.'),
(349, 49, 2024, 4, 'Marketing; strong social media presence.'),
(350, 50, 2024, 5, 'Logistics lead; optimized delivery routes.');

-- Insert values on Attendance table
INSERT INTO Attendance (attendance_id, emp_id, date, status) VALUES
-- 2025-01-01
(401, 1, '2025-01-01', 'Present'),
(402, 2, '2025-01-01', 'Present'),
(403, 3, '2025-01-01', 'Absent'),
(404, 4, '2025-01-01', 'Present'),
(405, 5, '2025-01-01', 'Present'),
(406, 6, '2025-01-01', 'Leave'),
(407, 7, '2025-01-01', 'Present'),
(408, 8, '2025-01-01', 'Present'),
(409, 9, '2025-01-01', 'Absent'),
(410, 10, '2025-01-01', 'Present'),
(411, 11, '2025-01-01', 'Present'),
(412, 12, '2025-01-01', 'Present'),
(413, 13, '2025-01-01', 'Leave'),
(414, 14, '2025-01-01', 'Present'),
(415, 15, '2025-01-01', 'Absent'),
(416, 16, '2025-01-01', 'Present'),
(417, 17, '2025-01-01', 'Present'),
(418, 18, '2025-01-01', 'Present'),
(419, 19, '2025-01-01', 'Leave'),
(420, 20, '2025-01-01', 'Present'),
(421, 21, '2025-01-01', 'Present'),
(422, 22, '2025-01-01', 'Absent'),
(423, 23, '2025-01-01', 'Present'),
(424, 24, '2025-01-01', 'Present'),
(425, 25, '2025-01-01', 'Present'),
(426, 26, '2025-01-01', 'Present'),
(427, 27, '2025-01-01', 'Leave'),
(428, 28, '2025-01-01', 'Present'),
(429, 29, '2025-01-01', 'Present'),
(430, 30, '2025-01-01', 'Absent'),
(431, 31, '2025-01-01', 'Present'),
(432, 32, '2025-01-01', 'Present'),
(433, 33, '2025-01-01', 'Present'),
(434, 34, '2025-01-01', 'Leave'),
(435, 35, '2025-01-01', 'Present'),
(436, 36, '2025-01-01', 'Present'),
(437, 37, '2025-01-01', 'Absent'),
(438, 38, '2025-01-01', 'Present'),
(439, 39, '2025-01-01', 'Present'),
(440, 40, '2025-01-01', 'Present'),
(441, 41, '2025-01-01', 'Absent'),
(442, 42, '2025-01-01', 'Present'),
(443, 43, '2025-01-01', 'Present'),
(444, 44, '2025-01-01', 'Leave'),
(445, 45, '2025-01-01', 'Present'),
(446, 46, '2025-01-01', 'Present'),
(447, 47, '2025-01-01', 'Absent'),
(448, 48, '2025-01-01', 'Present'),
(449, 49, '2025-01-01', 'Leave'),
(450, 50, '2025-01-01', 'Present'),

-- 2025-01-02
(451, 1, '2025-01-02', 'Present'),
(452, 2, '2025-01-02', 'Leave'),
(453, 3, '2025-01-02', 'Present'),
(454, 4, '2025-01-02', 'Present'),
(455, 5, '2025-01-02', 'Absent'),
(456, 6, '2025-01-02', 'Present'),
(457, 7, '2025-01-02', 'Present'),
(458, 8, '2025-01-02', 'Absent'),
(459, 9, '2025-01-02', 'Present'),
(460, 10, '2025-01-02', 'Present'),
(461, 11, '2025-01-02', 'Present'),
(462, 12, '2025-01-02', 'Leave'),
(463, 13, '2025-01-02', 'Present'),
(464, 14, '2025-01-02', 'Present'),
(465, 15, '2025-01-02', 'Absent'),
(466, 16, '2025-01-02', 'Present'),
(467, 17, '2025-01-02', 'Present'),
(468, 18, '2025-01-02', 'Present'),
(469, 19, '2025-01-02', 'Absent'),
(470, 20, '2025-01-02', 'Present'),
(471, 21, '2025-01-02', 'Present'),
(472, 22, '2025-01-02', 'Present'),
(473, 23, '2025-01-02', 'Leave'),
(474, 24, '2025-01-02', 'Present'),
(475, 25, '2025-01-02', 'Present'),
(476, 26, '2025-01-02', 'Absent'),
(477, 27, '2025-01-02', 'Present'),
(478, 28, '2025-01-02', 'Present'),
(479, 29, '2025-01-02', 'Leave'),
(480, 30, '2025-01-02', 'Present'),
(481, 31, '2025-01-02', 'Present'),
(482, 32, '2025-01-02', 'Present'),
(483, 33, '2025-01-02', 'Absent'),
(484, 34, '2025-01-02', 'Present'),
(485, 35, '2025-01-02', 'Present'),
(486, 36, '2025-01-02', 'Leave'),
(487, 37, '2025-01-02', 'Present'),
(488, 38, '2025-01-02', 'Present'),
(489, 39, '2025-01-02', 'Absent'),
(490, 40, '2025-01-02', 'Present'),
(491, 41, '2025-01-02', 'Present'),
(492, 42, '2025-01-02', 'Leave'),
(493, 43, '2025-01-02', 'Present'),
(494, 44, '2025-01-02', 'Present'),
(495, 45, '2025-01-02', 'Absent'),
(496, 46, '2025-01-02', 'Present'),
(497, 47, '2025-01-02', 'Present'),
(498, 48, '2025-01-02', 'Present'),
(499, 49, '2025-01-02', 'Absent'),
(500, 50, '2025-01-02', 'Present'),

-- 2025-01-03
(501, 1, '2025-01-03', 'Absent'),
(502, 2, '2025-01-03', 'Present'),
(503, 3, '2025-01-03', 'Present'),
(504, 4, '2025-01-03', 'Leave'),
(505, 5, '2025-01-03', 'Present'),
(506, 6, '2025-01-03', 'Present'),
(507, 7, '2025-01-03', 'Absent'),
(508, 8, '2025-01-03', 'Present'),
(509, 9, '2025-01-03', 'Present'),
(510, 10, '2025-01-03', 'Present'),
(511, 11, '2025-01-03', 'Leave'),
(512, 12, '2025-01-03', 'Present'),
(513, 13, '2025-01-03', 'Present'),
(514, 14, '2025-01-03', 'Absent'),
(515, 15, '2025-01-03', 'Present'),
(516, 16, '2025-01-03', 'Present'),
(517, 17, '2025-01-03', 'Present'),
(518, 18, '2025-01-03', 'Leave'),
(519, 19, '2025-01-03', 'Present'),
(520, 20, '2025-01-03', 'Absent'),
(521, 21, '2025-01-03', 'Present'),
(522, 22, '2025-01-03', 'Present'),
(523, 23, '2025-01-03', 'Present'),
(524, 24, '2025-01-03', 'Present'),
(525, 25, '2025-01-03', 'Present'),
(526, 26, '2025-01-03', 'Leave'),
(527, 27, '2025-01-03', 'Present'),
(528, 28, '2025-01-03', 'Present'),
(529, 29, '2025-01-03', 'Present'),
(530, 30, '2025-01-03', 'Absent'),
(531, 31, '2025-01-03', 'Present'),
(532, 32, '2025-01-03', 'Present'),
(533, 33, '2025-01-03', 'Present'),
(534, 34, '2025-01-03', 'Present'),
(535, 35, '2025-01-03', 'Absent'),
(536, 36, '2025-01-03', 'Present'),
(537, 37, '2025-01-03', 'Present'),
(538, 38, '2025-01-03', 'Present'),
(539, 39, '2025-01-03', 'Absent'),
(540, 40, '2025-01-03', 'Leave'),
(541, 41, '2025-01-03', 'Present'),
(542, 42, '2025-01-03', 'Present'),
(543, 43, '2025-01-03', 'Leave'),
(544, 44, '2025-01-03', 'Present'),
(545, 45, '2025-01-03', 'Present'),
(546, 46, '2025-01-03', 'Present'),
(547, 47, '2025-01-03', 'Absent'),
(548, 48, '2025-01-03', 'Present'),
(549, 49, '2025-01-03', 'Present'),
(550, 50, '2025-01-03', 'Absent'),

-- 2025-01-04
(551, 1, '2025-01-04', 'Present'),
(552, 2, '2025-01-04', 'Present'),
(553, 3, '2025-01-04', 'Leave'),
(554, 4, '2025-01-04', 'Present'),
(555, 5, '2025-01-04', 'Absent'),
(556, 6, '2025-01-04', 'Present'),
(557, 7, '2025-01-04', 'Present'),
(558, 8, '2025-01-04', 'Present'),
(559, 9, '2025-01-04', 'Absent'),
(560, 10, '2025-01-04', 'Present'),
(561, 11, '2025-01-04', 'Present'),
(562, 12, '2025-01-04', 'Present'),
(563, 13, '2025-01-04', 'Present'),
(564, 14, '2025-01-04', 'Leave'),
(565, 15, '2025-01-04', 'Present'),
(566, 16, '2025-01-04', 'Absent'),
(567, 17, '2025-01-04', 'Present'),
(568, 18, '2025-01-04', 'Present'),
(569, 19, '2025-01-04', 'Present'),
(570, 20, '2025-01-04', 'Absent'),
(571, 21, '2025-01-04', 'Present'),
(572, 22, '2025-01-04', 'Present'),
(573, 23, '2025-01-04', 'Present'),
(574, 24, '2025-01-04', 'Leave'),
(575, 25, '2025-01-04', 'Present'),
(576, 26, '2025-01-04', 'Present'),
(577, 27, '2025-01-04', 'Absent'),
(578, 28, '2025-01-04', 'Present'),
(579, 29, '2025-01-04', 'Present'),
(580, 30, '2025-01-04', 'Present'),
(581, 31, '2025-01-04', 'Leave'),
(582, 32, '2025-01-04', 'Present'),
(583, 33, '2025-01-04', 'Present'),
(584, 34, '2025-01-04', 'Absent'),
(585, 35, '2025-01-04', 'Present'),
(586, 36, '2025-01-04', 'Present'),
(587, 37, '2025-01-04', 'Present'),
(588, 38, '2025-01-04', 'Present'),
(589, 39, '2025-01-04', 'Leave'),
(590, 40, '2025-01-04', 'Present'),
(591, 41, '2025-01-04', 'Present'),
(592, 42, '2025-01-04', 'Absent'),
(593, 43, '2025-01-04', 'Present'),
(594, 44, '2025-01-04', 'Present'),
(595, 45, '2025-01-04', 'Leave'),
(596, 46, '2025-01-04', 'Present'),
(597, 47, '2025-01-04', 'Present'),
(598, 48, '2025-01-04', 'Absent'),
(599, 49, '2025-01-04', 'Present'),
(600, 50, '2025-01-04', 'Present'),

-- 2025-01-05
(601, 1, '2025-01-05', 'Present'),
(602, 2, '2025-01-05', 'Absent'),
(603, 3, '2025-01-05', 'Present'),
(604, 4, '2025-01-05', 'Present'),
(605, 5, '2025-01-05', 'Present'),
(606, 6, '2025-01-05', 'Absent'),
(607, 7, '2025-01-05', 'Present'),
(608, 8, '2025-01-05', 'Leave'),
(609, 9, '2025-01-05', 'Present'),
(610, 10, '2025-01-05', 'Present'),
(611, 11, '2025-01-05', 'Absent'),
(612, 12, '2025-01-05', 'Present'),
(613, 13, '2025-01-05', 'Present'),
(614, 14, '2025-01-05', 'Present'),
(615, 15, '2025-01-05', 'Leave'),
(616, 16, '2025-01-05', 'Present'),
(617, 17, '2025-01-05', 'Present'),
(618, 18, '2025-01-05', 'Absent'),
(619, 19, '2025-01-05', 'Present'),
(620, 20, '2025-01-05', 'Present'),
(621, 21, '2025-01-05', 'Leave'),
(622, 22, '2025-01-05', 'Present'),
(623, 23, '2025-01-05', 'Present'),
(624, 24, '2025-01-05', 'Present'),
(625, 25, '2025-01-05', 'Absent'),
(626, 26, '2025-01-05', 'Present'),
(627, 27, '2025-01-05', 'Present'),
(628, 28, '2025-01-05', 'Present'),
(629, 29, '2025-01-05', 'Absent'),
(630, 30, '2025-01-05', 'Present'),
(631, 31, '2025-01-05', 'Present'),
(632, 32, '2025-01-05', 'Leave'),
(633, 33, '2025-01-05', 'Present'),
(634, 34, '2025-01-05', 'Present'),
(635, 35, '2025-01-05', 'Present'),
(636, 36, '2025-01-05', 'Absent'),
(637, 37, '2025-01-05', 'Present'),
(638, 38, '2025-01-05', 'Present'),
(639, 39, '2025-01-05', 'Present'),
(640, 40, '2025-01-05', 'Absent'),
(641, 41, '2025-01-05', 'Present'),
(642, 42, '2025-01-05', 'Present'),
(643, 43, '2025-01-05', 'Present'),
(644, 44, '2025-01-05', 'Leave'),
(645, 45, '2025-01-05', 'Present'),
(646, 46, '2025-01-05', 'Present'),
(647, 47, '2025-01-05', 'Absent'),
(648, 48, '2025-01-05', 'Present'),
(649, 49, '2025-01-05', 'Present'),
(650, 50, '2025-01-05', 'Present');