-- Insert values on Customers table
INSERT INTO Customers (customer_id, name, city, state, join_date) VALUES
(1, 'Aarav Sharma', 'Mumbai', 'Maharashtra', '2024-01-15'),
(2, 'Aditi Patel', 'Ahmedabad', 'Gujarat', '2024-01-18'),
(3, 'Vivaan Gupta', 'Delhi', 'Delhi', '2024-02-03'),
(4, 'Ananya Singh', 'Lucknow', 'Uttar Pradesh', '2024-02-10'),
(5, 'Arjun Reddy', 'Hyderabad', 'Telangana', '2024-02-22'),
(6, 'Diya Mehta', 'Pune', 'Maharashtra', '2024-03-01'),
(7, 'Reyansh Kumar', 'Patna', 'Bihar', '2024-03-05'),
(8, 'Saanvi Joshi', 'Jaipur', 'Rajasthan', '2024-03-12'),
(9, 'Ishaan Verma', 'Chandigarh', 'Punjab', '2024-03-20'),
(10, 'Myra Desai', 'Surat', 'Gujarat', '2024-04-02'),
(11, 'Ayaan Malhotra', 'Bangalore', 'Karnataka', '2024-04-08'),
(12, 'Kiara Nair', 'Kochi', 'Kerala', '2024-04-15'),
(13, 'Rudra Yadav', 'Kanpur', 'Uttar Pradesh', '2024-04-25'),
(14, 'Zara Khan', 'Kolkata', 'West Bengal', '2024-05-03'),
(15, 'Kabir Bose', 'Chennai', 'Tamil Nadu', '2024-05-10'),
(16, 'Riya Kapoor', 'Indore', 'Madhya Pradesh', '2024-05-18'),
(17, 'Aarush Iyer', 'Thiruvananthapuram', 'Kerala', '2024-06-01'),
(18, 'Sia Choudhary', 'Bhopal', 'Madhya Pradesh', '2024-06-07'),
(19, 'Vihaan Rao', 'Visakhapatnam', 'Andhra Pradesh', '2024-06-14'),
(20, 'Aadhya Mishra', 'Nagpur', 'Maharashtra', '2024-06-22'),
(21, 'Ayaansh Trivedi', 'Vadodara', 'Gujarat', '2024-07-01'),
(22, 'Pari Shah', 'Rajkot', 'Gujarat', '2024-07-09'),
(23, 'Krishna Menon', 'Coimbatore', 'Tamil Nadu', '2024-07-16'),
(24, 'Navya Agarwal', 'Ludhiana', 'Punjab', '2024-07-23'),
(25, 'Atharv Saxena', 'Agra', 'Uttar Pradesh', '2024-08-02'),
(26, 'Inaya Pandey', 'Varanasi', 'Uttar Pradesh', '2024-08-10'),
(27, 'Shaurya Dubey', 'Meerut', 'Uttar Pradesh', '2024-08-18'),
(28, 'Anvi Thakur', 'Shimla', 'Himachal Pradesh', '2024-08-25'),
(29, 'Yuvaan Jha', 'Ranchi', 'Jharkhand', '2024-09-01'),
(30, 'Saisha Tiwari', 'Jodhpur', 'Rajasthan', '2024-09-08'),
(31, 'Aarav Jain', 'Mysore', 'Karnataka', '2024-09-15'),
(32, 'Dhruvi Pillai', 'Madurai', 'Tamil Nadu', '2024-09-22'),
(33, 'Advik Goel', 'Guwahati', 'Assam', '2024-10-01'),
(34, 'Kyra Banerjee', 'Bhubaneswar', 'Odisha', '2024-10-07'),
(35, 'Reyansh Chawla', 'Dehradun', 'Uttarakhand', '2024-10-14'),
(36, 'Anika Sen', 'Amritsar', 'Punjab', '2024-10-20'),
(37, 'Aarush Batra', 'Jabalpur', 'Madhya Pradesh', '2024-10-28'),
(38, 'Zoya Roy', 'Udaipur', 'Rajasthan', '2024-11-03'),
(39, 'Veer Singhania', 'Gwalior', 'Madhya Pradesh', '2024-11-05'),
(40, 'Ira Reddy', 'Warangal', 'Telangana', '2024-11-07'),
(41, 'Aarav Khanna', 'Raipur', 'Chhattisgarh', '2024-11-09'),
(42, 'Siya Arora', 'Faridabad', 'Haryana', '2024-11-10'),
(43, 'Rudransh Malviya', 'Srinagar', 'Jammu and Kashmir', '2024-11-10'),
(44, 'Avni Grover', 'Jamshedpur', 'Jharkhand', '2024-11-10'),
(45, 'Ayaan Sethi', 'Vijayawada', 'Andhra Pradesh', '2024-11-10'),
(46, 'Zara Luthra', 'Allahabad', 'Uttar Pradesh', '2024-11-10'),
(47, 'Krish Mehra', 'Nashik', 'Maharashtra', '2024-11-10'),
(48, 'Navya Bhatt', 'Aurangabad', 'Maharashtra', '2024-11-10'),
(49, 'Aarush Walia', 'Solapur', 'Maharashtra', '2024-11-10'),
(50, 'Diya Nambiar', 'Thiruchirappalli', 'Tamil Nadu', '2024-11-10');

-- Insert values on Orders table
INSERT INTO Orders (order_id, customer_id, order_date, total_amount, status) VALUES
(101, 1, '2024-01-20', 2499.50, 'Delivered'),
(102, 3, '2024-02-05', 1599.00, 'Delivered'),
(103, 5, '2024-02-25', 8999.99, 'Shipped'),
(104, 2, '2024-03-02', 349.00, 'Delivered'),
(105, 7, '2024-03-10', 1299.75, 'Cancelled'),
(106, 9, '2024-03-22', 5499.00, 'Delivered'),
(107, 4, '2024-04-05', 199.50, 'Processing'),
(108, 11, '2024-04-10', 4599.00, 'Shipped'),
(109, 13, '2024-04-28', 2999.25, 'Delivered'),
(110, 15, '2024-05-12', 799.00, 'Delivered'),
(111, 6, '2024-05-20', 3999.99, 'Delivered'),
(112, 8, '2024-06-03', 149.00, 'Delivered'),
(113, 17, '2024-06-08', 2299.50, 'Shipped'),
(114, 19, '2024-06-16', 6799.00, 'Delivered'),
(115, 10, '2024-07-05', 899.75, 'Pending'),
(116, 21, '2024-07-11', 1899.00, 'Processing'),
(117, 23, '2024-07-18', 4999.50, 'Shipped'),
(118, 25, '2024-08-05', 3199.00, 'Delivered'),
(119, 27, '2024-08-12', 599.99, 'Delivered'),
(120, 29, '2024-09-03', 12999.00, 'Cancelled'),
(121, 12, '2024-09-10', 749.50, 'Delivered'),
(122, 31, '2024-09-17', 2799.00, 'Shipped'),
(123, 33, '2024-10-03', 4199.75, 'Delivered'),
(124, 35, '2024-10-09', 999.00, 'Processing'),
(125, 37, '2024-10-22', 3499.50, 'Shipped'),
(126, 14, '2024-11-01', 1599.99, 'Delivered'),
(127, 16, '2024-11-02', 899.00, 'Delivered'),
(128, 18, '2024-11-03', 5499.00, 'Pending'),
(129, 20, '2024-11-04', 1999.50, 'Processing'),
(130, 22, '2024-11-05', 2999.00, 'Shipped'),
(131, 24, '2024-11-06', 449.75, 'Delivered'),
(132, 26, '2024-11-07', 6999.99, 'Delivered'),
(133, 28, '2024-11-08', 1799.00, 'Shipped'),
(134, 30, '2024-11-09', 8999.50, 'Cancelled'),
(135, 32, '2024-11-10', 1299.00, 'Pending'),
(136, 34, '2024-11-10', 399.99, 'Processing'),
(137, 36, '2024-11-10', 2499.75, 'Shipped'),
(138, 38, '2024-11-10', 549.50, 'Pending'),
(139, 39, '2024-11-10', 3199.00, 'Processing'),
(140, 40, '2024-11-10', 899.00, 'Shipped'),
(141, 41, '2024-11-10', 4599.99, 'Pending'),
(142, 42, '2024-11-10', 199.50, 'Processing'),
(143, 43, '2024-11-10', 7499.00, 'Shipped'),
(144, 44, '2024-11-10', 299.00, 'Pending'),
(145, 45, '2024-11-10', 1799.75, 'Processing'),
(146, 46, '2024-11-10', 3999.50, 'Shipped'),
(147, 47, '2024-11-10', 1099.00, 'Pending'),
(148, 48, '2024-11-10', 5999.99, 'Processing'),
(149, 49, '2024-11-10', 849.50, 'Shipped'),
(150, 50, '2024-11-10', 699.00, 'Pending');

-- Insert values on Delivery table
INSERT INTO Delivery (delivery_id, order_id, shipped_date, delivered_date, delivery_partner, delivery_city) VALUES
(201, 101, '2024-01-21', '2024-01-25', 'Delhivery', 'Mumbai'),
(202, 102, '2024-02-06', '2024-02-09', 'Blue Dart', 'Delhi'),
(203, 103, '2024-02-26', NULL, 'Ecom Express', 'Hyderabad'),
(204, 104, '2024-03-03', '2024-03-05', 'DTDC', 'Ahmedabad'),
(205, 105, NULL, NULL, 'Delhivery', 'Patna'),
(206, 106, '2024-03-23', '2024-03-27', 'Shadowfax', 'Chandigarh'),
(207, 107, '2024-04-06', NULL, 'Ekart', 'Lucknow'),
(208, 108, '2024-04-11', NULL, 'Blue Dart', 'Bangalore'),
(209, 109, '2024-04-29', '2024-05-02', 'Delhivery', 'Kanpur'),
(210, 110, '2024-05-13', '2024-05-16', 'Ecom Express', 'Kolkata'),
(211, 111, '2024-05-21', '2024-05-24', 'DTDC', 'Pune'),
(212, 112, '2024-06-04', '2024-06-06', 'Shadowfax', 'Jaipur'),
(213, 113, '2024-06-09', NULL, 'Ekart', 'Thiruvananthapuram'),
(214, 114, '2024-06-17', '2024-06-21', 'Delhivery', 'Visakhapatnam'),
(215, 115, NULL, NULL, 'Blue Dart', 'Surat'),
(216, 116, '2024-07-12', NULL, 'Ecom Express', 'Vadodara'),
(217, 117, '2024-07-19', NULL, 'DTDC', 'Coimbatore'),
(218, 118, '2024-08-06', '2024-08-10', 'Shadowfax', 'Agra'),
(219, 119, '2024-08-13', '2024-08-15', 'Ekart', 'Meerut'),
(220, 120, NULL, NULL, 'Delhivery', 'Ranchi'),
(221, 121, '2024-09-11', '2024-09-14', 'Blue Dart', 'Kochi'),
(222, 122, '2024-09-18', NULL, 'Ecom Express', 'Mysore'),
(223, 123, '2024-10-04', '2024-10-08', 'DTDC', 'Guwahati'),
(224, 124, '2024-10-10', NULL, 'Shadowfax', 'Dehradun'),
(225, 125, '2024-10-23', NULL, 'Ekart', 'Jabalpur'),
(226, 126, '2024-11-02', '2024-11-05', 'Delhivery', 'Kolkata'),
(227, 127, '2024-11-03', '2024-11-06', 'Blue Dart', 'Indore'),
(228, 128, NULL, NULL, 'Ecom Express', 'Nagpur'),
(229, 129, '2024-11-05', NULL, 'DTDC', 'Bhopal'),
(230, 130, '2024-11-06', NULL, 'Shadowfax', 'Rajkot'),
(231, 131, '2024-11-07', '2024-11-09', 'Ekart', 'Ludhiana'),
(232, 132, '2024-11-08', '2024-11-11', 'Delhivery', 'Varanasi'),
(233, 133, '2024-11-09', NULL, 'Blue Dart', 'Shimla'),
(234, 134, NULL, NULL, 'Ecom Express', 'Jodhpur'),
(235, 135, NULL, NULL, 'DTDC', 'Madurai'),
(236, 136, '2024-11-10', NULL, 'Shadowfax', 'Bhubaneswar'),
(237, 137, '2024-11-10', NULL, 'Ekart', 'Amritsar'),
(238, 138, NULL, NULL, 'Delhivery', 'Udaipur'),
(239, 139, '2024-11-10', NULL, 'Blue Dart', 'Gwalior'),
(240, 140, '2024-11-10', NULL, 'Ecom Express', 'Warangal'),
(241, 141, NULL, NULL, 'DTDC', 'Raipur'),
(242, 142, '2024-11-10', NULL, 'Shadowfax', 'Faridabad'),
(243, 143, '2024-11-10', NULL, 'Ekart', 'Srinagar'),
(244, 144, NULL, NULL, 'Delhivery', 'Jamshedpur'),
(245, 145, '2024-11-10', NULL, 'Blue Dart', 'Vijayawada'),
(246, 146, '2024-11-10', NULL, 'Ecom Express', 'Allahabad'),
(247, 147, NULL, NULL, 'DTDC', 'Nashik'),
(248, 148, '2024-11-10', NULL, 'Shadowfax', 'Aurangabad'),
(249, 149, '2024-11-10', NULL, 'Ekart', 'Solapur'),
(250, 150, NULL, NULL, 'Delhivery', 'Thiruchirappalli');

-- Insert values on Products table
INSERT INTO Products (product_id, product_name, category, price) VALUES
(301, 'Samsung Galaxy S23 5G (8GB/128GB)', 'Electronics', 54999.00),
(302, 'OnePlus Nord CE 3 Lite (8GB/128GB)', 'Electronics', 19999.00),
(303, 'boAt Airdopes 141 True Wireless Earbuds', 'Electronics', 1499.00),
(304, 'Apple iPhone 15 (128GB)', 'Electronics', 79900.00),
(305, 'Mi 43-inch 4K Smart LED TV', 'Electronics', 28999.00),
(306, 'Men''s Slim Fit Cotton Shirt - Navy Blue', 'Fashion', 799.00),
(307, 'Women''s Rayon Kurti with Palazzo Set', 'Fashion', 1299.00),
(308, 'Nike Men''s Running Shoes - Black', 'Fashion', 3495.00),
(309, 'Levi''s Men''s 511 Slim Fit Jeans', 'Fashion', 2199.00),
(310, 'BIBA Women''s Anarkali Kurta Set', 'Fashion', 2599.00),
(311, 'Prestige Iris 750W Mixer Grinder (3 Jars)', 'Home & Kitchen', 2895.00),
(312, 'Pigeon Favourite Induction Cooktop', 'Home & Kitchen', 1899.00),
(313, 'Milton Thermosteel Duo Deluxe 1L Flask', 'Home & Kitchen', 949.00),
(314, 'Cello Opalware Dazzle Dinner Set (18 pcs)', 'Home & Kitchen', 1499.00),
(315, 'SignoraWare Stainless Steel Lunch Box', 'Home & Kitchen', 699.00),
(316, 'Lakmé Sun Expert SPF 50 PA+++ Sunscreen', 'Beauty', 549.00),
(317, 'Maybelline New York Fit Me Foundation', 'Beauty', 499.00),
(318, 'Nykaa Matte To Last Lipstick - Chai', 'Beauty', 599.00),
(319, 'The Body Shop Tea Tree Face Wash', 'Beauty', 595.00),
(320, 'Mamaearth Onion Hairfall Shampoo 250ml', 'Beauty', 299.00),
(321, 'Atomic Habits by James Clear', 'Books', 499.00),
(322, 'Rich Dad Poor Dad (Hindi)', 'Books', 299.00),
(323, 'The Psychology of Money', 'Books', 349.00),
(324, 'Ikigai: The Japanese Secret to a Long Life', 'Books', 399.00),
(325, 'Sapiens: A Brief History of Humankind', 'Books', 549.00),
(326, 'Cosco Cricket Tennis Ball (Pack of 6)', 'Sports', 399.00),
(327, 'Nivia Storm Football - Size 5', 'Sports', 499.00),
(328, 'Yonex Mavis 350 Shuttlecock (Pack of 6)', 'Sports', 799.00),
(329, 'Boldfit Yoga Mat 6mm - Blue', 'Sports', 799.00),
(330, 'Strauss Adjustable Skipping Rope', 'Sports', 249.00),
(331, 'Realme Buds Air 5 Pro TWS Earbuds', 'Electronics', 3999.00),
(332, 'Amazon Basics 15.6" Laptop Backpack', 'Fashion', 899.00),
(333, 'Himalaya Purifying Neem Face Wash 150ml', 'Beauty', 165.00),
(334, 'Dettol Original Liquid Handwash 900ml', 'Home & Kitchen', 199.00),
(335, 'Philips Viva Collection Toaster HD2582', 'Home & Kitchen', 1895.00),
(336, 'Peter England Men''s Formal Shirt', 'Fashion', 1099.00),
(337, 'Fastrack Reflex Vox Smartwatch', 'Electronics', 4995.00),
(338, 'Cadbury Celebrations Premium Assorted', 'Grocery', 499.00),
(339, 'Tata Tea Gold 500g', 'Grocery', 285.00),
(340, 'Fortune Sunflower Oil 1L', 'Grocery', 139.00),
(341, 'Noise ColorFit Pro 4 Smartwatch', 'Electronics', 2999.00),
(342, 'Puma Men''s Graphic T-Shirt', 'Fashion', 699.00),
(343, 'L''Oreal Paris Hyaluron Moisture Shampoo', 'Beauty', 499.00),
(344, 'Borosil Stainless Steel Water Bottle 1L', 'Home & Kitchen', 649.00),
(345, 'The Monk Who Sold His Ferrari', 'Books', 199.00),
(346, 'SG Kashmir Willow Cricket Bat', 'Sports', 1899.00),
(347, 'Redmi 12 5G (6GB/128GB)', 'Electronics', 12999.00),
(348, 'Allen Solly Women''s Cotton Kurti', 'Fashion', 1499.00),
(349, 'Harpic Power Plus Toilet Cleaner 1L', 'Home & Kitchen', 189.00),
(350, 'Think and Grow Rich (Hindi)', 'Books', 179.00);

-- Insert values on Order_Items table
INSERT INTO Order_Items (order_item_id, order_id, product_id, quantity, line_total) VALUES
(401, 101, 301, 1, 54999.00),
(402, 101, 303, 2, 2998.00),
(403, 102, 321, 1, 499.00),
(404, 102, 323, 1, 349.00),
(405, 103, 304, 1, 79900.00),
(406, 104, 306, 1, 799.00),
(407, 104, 308, 1, 3495.00),
(408, 105, 311, 1, 2895.00),
(409, 106, 305, 1, 28999.00),
(410, 106, 327, 2, 998.00),
(411, 107, 316, 3, 1647.00),
(412, 108, 337, 1, 4995.00),
(413, 108, 303, 1, 1499.00),
(414, 109, 309, 2, 4398.00),
(415, 110, 314, 1, 1499.00),
(416, 110, 313, 1, 949.00),
(417, 111, 302, 1, 19999.00),
(418, 112, 330, 3, 747.00),
(419, 113, 331, 1, 3999.00),
(420, 113, 329, 1, 799.00),
(421, 114, 347, 1, 12999.00),
(422, 114, 303, 1, 1499.00),
(423, 115, 332, 2, 1798.00),
(424, 116, 336, 1, 1099.00),
(425, 116, 342, 2, 1398.00),
(426, 117, 305, 1, 28999.00),
(427, 118, 310, 1, 2599.00),
(428, 118, 307, 1, 1299.00),
(429, 119, 320, 4, 1196.00),
(430, 120, 304, 1, 79900.00),
(431, 121, 326, 6, 2394.00),
(432, 122, 341, 1, 2999.00),
(433, 122, 303, 1, 1499.00),
(434, 123, 315, 2, 1398.00),
(435, 123, 334, 3, 597.00),
(436, 124, 319, 2, 1190.00),
(437, 125, 335, 1, 1895.00),
(438, 125, 311, 1, 2895.00),
(439, 126, 324, 1, 399.00),
(440, 126, 325, 1, 549.00),
(441, 127, 340, 5, 695.00),
(442, 128, 301, 1, 54999.00),
(443, 129, 308, 1, 3495.00),
(444, 129, 309, 1, 2199.00),
(445, 130, 312, 1, 1899.00),
(446, 130, 313, 1, 949.00),
(447, 131, 338, 2, 998.00),
(448, 132, 347, 1, 12999.00),
(449, 132, 303, 1, 1499.00),
(450, 133, 329, 1, 799.00),
(451, 134, 305, 1, 28999.00),
(452, 135, 316, 2, 1098.00),
(453, 136, 330, 4, 996.00),
(454, 137, 332, 1, 899.00),
(455, 137, 342, 1, 699.00),
(456, 138, 320, 3, 897.00),
(457, 139, 321, 1, 499.00),
(458, 139, 322, 1, 299.00),
(459, 140, 327, 2, 998.00),
(460, 141, 331, 1, 3999.00),
(461, 142, 306, 2, 1598.00),
(462, 143, 304, 1, 79900.00),
(463, 144, 314, 1, 1499.00),
(464, 145, 319, 2, 1190.00),
(465, 146, 335, 1, 1895.00),
(466, 146, 311, 1, 2895.00),
(467, 147, 326, 3, 1197.00),
(468, 148, 337, 1, 4995.00),
(469, 148, 341, 1, 2999.00),
(470, 149, 308, 1, 3495.00),
(471, 150, 333, 5, 825.00),
-- Additional realistic items to reach 100
(472, 101, 316, 1, 549.00),
(473, 103, 327, 1, 499.00),
(474, 106, 329, 1, 799.00),
(475, 108, 320, 2, 598.00),
(476, 111, 338, 1, 499.00),
(477, 114, 340, 3, 417.00),
(478, 117, 314, 1, 1499.00),
(479, 120, 311, 1, 2895.00),
(480, 123, 330, 2, 498.00),
(481, 126, 321, 1, 499.00),
(482, 129, 342, 1, 699.00),
(483, 132, 316, 1, 549.00),
(484, 135, 326, 2, 798.00),
(485, 138, 334, 4, 796.00),
(486, 141, 308, 1, 3495.00),
(487, 144, 320, 3, 897.00),
(488, 147, 339, 2, 570.00),
(489, 150, 315, 1, 699.00),
(490, 102, 325, 1, 549.00),
(491, 105, 313, 1, 949.00),
(492, 109, 327, 1, 499.00),
(493, 112, 330, 1, 249.00),
(494, 115, 319, 1, 595.00),
(495, 118, 306, 1, 799.00),
(496, 121, 338, 1, 499.00),
(497, 124, 333, 2, 330.00),
(498, 127, 340, 4, 556.00),
(499, 130, 314, 1, 1499.00),
(500, 133, 320, 1, 299.00);