-- Insert values on Students table
INSERT INTO students (student_id, first_name, last_name, gender, department_id) VALUES
(1, 'Aarav', 'Sharma', 'Male', 1001),
(2, 'Aanya', 'Verma', 'Female', 1001),
(3, 'Aditya', 'Singh', 'Male', 1002),
(4, 'Ananya', 'Gupta', 'Female', 1001),
(5, 'Arjun', 'Mehta', 'Male', 1003),
(6, 'Diya', 'Patel', 'Female', 1002),
(7, 'Ishaan', 'Joshi', 'Male', 1001),
(8, 'Kiara', 'Reddy', 'Female', 1004),
(9, 'Rohan', 'Kumar', 'Male', 1003),
(10, 'Saanvi', 'Nair', 'Female', 1002),
(11, 'Vihaan', 'Yadav', 'Male', 1001),
(12, 'Zara', 'Malhotra', 'Female', 1005),
(13, 'Aryan', 'Bose', 'Male', 1004),
(14, 'Myra', 'Chopra', 'Female', 1003),
(15, 'Kabir', 'Dubey', 'Male', 1001),
(16, 'Riya', 'Agarwal', 'Female', 1002),
(17, 'Shaurya', 'Thakur', 'Male', 1006),
(18, 'Tara', 'Saxena', 'Female', 1001),
(19, 'Yuvraj', 'Mishra', 'Male', 1005),
(20, 'Anika', 'Rao', 'Female', 1003),
(21, 'Reyansh', 'Pillai', 'Male', 1002),
(22, 'Sia', 'Banerjee', 'Female', 1004),
(23, 'Ayaan', 'Desai', 'Male', 1001),
(24, 'Navya', 'Iyer', 'Female', 1006),
(25, 'Pranav', 'Kapoor', 'Male', 1003),
(26, 'Aadhya', 'Trivedi', 'Female', 1002),
(27, 'Atharv', 'Srivastava', 'Male', 1005),
(28, 'Pari', 'Chauhan', 'Female', 1001),
(29, 'Rudra', 'Pandey', 'Male', 1004),
(30, 'Isha', 'Jain', 'Female', 1003),
(31, 'Veer', 'Malik', 'Male', 1001),
(32, 'Kavya', 'Sethi', 'Female', 1006),
(33, 'Advik', 'Goyal', 'Male', 1002),
(34, 'Suhana', 'Bhatia', 'Female', 1005),
(35, 'Krish', 'Shukla', 'Male', 1001),
(36, 'Aarohi', 'Rastogi', 'Female', 1004),
(37, 'Samar', 'Vyas', 'Male', 1003),
(38, 'Nitya', 'Mukherjee', 'Female', 1002),
(39, 'Darshan', 'Khanna', 'Male', 1001),
(40, 'Meher', 'Gill', 'Female', 1006),
(41, 'Arnav', 'Chawla', 'Male', 1005),
(42, 'Rhea', 'Soni', 'Female', 1001),
(43, 'Vivaan', 'Tiwari', 'Male', 1004),
(44, 'Esha', 'Varma', 'Female', 1003),
(45, 'Aarush', 'Bajaj', 'Male', 1002),
(46, 'Lakshmi', 'Kaur', 'Female', 1001),
(47, 'Shivansh', 'Wadhwa', 'Male', 1006),
(48, 'Amara', 'Luthra', 'Female', 1005),
(49, 'Hridaan', 'Nanda', 'Male', 1001),
(50, 'Jhanvi', 'Puri', 'Female', 1004),
(51, 'Ayaansh', 'Sachdev', 'Male', 1003),
(52, 'Zoya', 'Ahluwalia', 'Female', 1002),
(53, 'Parth', 'Dhawan', 'Male', 1001),
(54, 'Sneha', 'Kashyap', 'Female', 1006),
(55, 'Yash', 'Oberoi', 'Male', 1005),
(56, 'Avni', 'Bakshi', 'Female', 1001),
(57, 'Dhruv', 'Chanda', 'Male', 1004),
(58, 'Tanisha', 'Sodhi', 'Female', 1003),
(59, 'Manan', 'Bedi', 'Male', 1002),
(60, 'Riddhi', 'Mannan', 'Female', 1001),
(61, 'Aarav', 'Sabharwal', 'Male', 1006),
(62, 'Kyra', 'Rattan', 'Female', 1005),
(63, 'Siddharth', 'Gulati', 'Male', 1001),
(64, 'Anvi', 'Sarin', 'Female', 1004),
(65, 'Reyaan', 'Talwar', 'Male', 1003),
(66, 'Saanjh', 'Suri', 'Female', 1002),
(67, 'Aariz', 'Kothari', 'Male', 1001),
(68, 'Naira', 'Lal', 'Female', 1006),
(69, 'Vihan', 'Arora', 'Male', 1005),
(70, 'Prisha', 'Madan', 'Female', 1001),
(71, 'Aarush', 'Narang', 'Male', 1004),
(72, 'Siya', 'Pahwa', 'Female', 1003),
(73, 'Kian', 'Sandhu', 'Male', 1002),
(74, 'Amaira', 'Sehgal', 'Female', 1001),
(75, 'Rudransh', 'Tandon', 'Male', 1006),
(76, 'Zara', 'Vohra', 'Female', 1005),
(77, 'Ayaan', 'Walia', 'Male', 1001),
(78, 'Ishita', 'Bahl', 'Female', 1004),
(79, 'Shayak', 'Chhabra', 'Male', 1003),
(80, 'Myra', 'Dhingra', 'Female', 1002),
(81, 'Aadvik', 'Gandhi', 'Male', 1001),
(82, 'Navya', 'Hingorani', 'Female', 1006),
(83, 'Atharva', 'Jindal', 'Male', 1005),
(84, 'Pihu', 'Khurana', 'Female', 1001),
(85, 'Veer', 'Lamba', 'Male', 1004),
(86, 'Riya', 'Makhija', 'Female', 1003),
(87, 'Yug', 'Nagi', 'Male', 1002),
(88, 'Saanvi', 'Panesar', 'Female', 1001),
(89, 'Zain', 'Qureshi', 'Male', 1006),
(90, 'Tia', 'Rai', 'Female', 1005),
(91, 'Aariv', 'Sahni', 'Male', 1001),
(92, 'Vanya', 'Tuteja', 'Female', 1004),
(93, 'Krishiv', 'Uppal', 'Male', 1003),
(94, 'Aaradhya', 'Vig', 'Female', 1002),
(95, 'Reyansh', 'Wadhera', 'Male', 1001),
(96, 'Kiara', 'Yadav', 'Female', 1006),
(97, 'Aarav', 'Zutshi', 'Male', 1005),
(98, 'Diya', 'Ahmad', 'Female', 1001),
(99, 'Vihaan', 'Bajwa', 'Male', 1004),
(100, 'Ananya', 'Chahal', 'Female', 1003);

-- Insert values on Departments table
INSERT INTO departments (department_id, department_name) VALUES
(1001, 'Computer Science and Engineering'),
(1002, 'Electronics and Communication Engineering'),
(1003, 'Mechanical Engineering'),
(1004, 'Civil Engineering'),
(1005, 'Information Technology'),
(1006, 'Electrical Engineering');

-- Insert values on Courses table
INSERT INTO courses (course_id, course_name, department_id, credits) VALUES
-- Computer Science and Engineering (1001)
(10001, 'Data Structures and Algorithms', 1001, 4),
(10002, 'Database Management Systems', 1001, 4),
(10003, 'Operating Systems', 1001, 4),
(10004, 'Artificial Intelligence', 1001, 3),
(10005, 'Web Development', 1001, 3),

-- Electronics and Communication Engineering (1002)
(10006, 'Digital Signal Processing', 1002, 4),
(10007, 'Microprocessors and Microcontrollers', 1002, 4),
(10008, 'VLSI Design', 1002, 3),
(10009, 'Communication Systems', 1002, 4),
(10010, 'Embedded Systems', 1002, 3),

-- Mechanical Engineering (1003)
(10011, 'Thermodynamics', 1003, 4),
(10012, 'Fluid Mechanics', 1003, 4),
(10013, 'Machine Design', 1003, 4),
(10014, 'Manufacturing Processes', 1003, 3),
(10015, 'Robotics', 1003, 3),

-- Civil Engineering (1004)
(10016, 'Structural Analysis', 1004, 4),
(10017, 'Geotechnical Engineering', 1004, 4),
(10018, 'Transportation Engineering', 1004, 3),
(10019, 'Environmental Engineering', 1004, 3),
(10020, 'Construction Management', 1004, 3),

-- Information Technology (1005)
(10021, 'Cloud Computing', 1005, 3),
(10022, 'Cyber Security', 1005, 4),
(10023, 'Mobile Application Development', 1005, 3),
(10024, 'Software Engineering', 1005, 4),
(10025, 'Big Data Analytics', 1005, 3),

-- Electrical Engineering (1006)
(10026, 'Power Systems', 1006, 4),
(10027, 'Control Systems', 1006, 4),
(10028, 'Electrical Machines', 1006, 4),
(10029, 'Renewable Energy Systems', 1006, 3),
(10030, 'Power Electronics', 1006, 3);

-- Insert values on Enrollments table
INSERT INTO enrollments (enrollment_id, student_id, course_id, semester, year) VALUES
(1,1,10001,'Fall',2024),(2,2,10001,'Fall',2024),(3,3,10001,'Fall',2024),(4,4,10001,'Fall',2024),
(5,5,10001,'Fall',2024),(6,6,10001,'Fall',2024),(7,7,10001,'Fall',2024),(8,8,10001,'Fall',2024),
(9,9,10001,'Fall',2024),(10,10,10001,'Fall',2024),(11,11,10001,'Fall',2024),(12,12,10001,'Fall',2024),
(13,13,10001,'Fall',2024),(14,14,10001,'Fall',2024),(15,15,10001,'Fall',2024),(16,16,10001,'Fall',2024),
(17,17,10001,'Fall',2024),(18,18,10001,'Fall',2024),(19,19,10001,'Fall',2024),(20,20,10001,'Fall',2024),

(21,21,10002,'Spring',2025),(22,22,10002,'Spring',2025),(23,23,10002,'Spring',2025),(24,24,10002,'Spring',2025),
(25,25,10002,'Spring',2025),(26,26,10002,'Spring',2025),(27,27,10002,'Spring',2025),(28,28,10002,'Spring',2025),
(29,29,10002,'Spring',2025),(30,30,10002,'Spring',2025),(31,31,10002,'Spring',2025),(32,32,10002,'Spring',2025),
(33,33,10002,'Spring',2025),(34,34,10002,'Spring',2025),(35,35,10002,'Spring',2025),(36,36,10002,'Spring',2025),

(37,37,10003,'Fall',2023),(38,38,10003,'Fall',2023),(39,39,10003,'Fall',2023),(40,40,10003,'Fall',2023),
(41,41,10003,'Fall',2023),(42,42,10003,'Fall',2023),(43,43,10003,'Fall',2023),(44,44,10003,'Fall',2023),
(45,45,10003,'Fall',2023),(46,46,10003,'Fall',2023),(47,47,10003,'Fall',2023),(48,48,10003,'Fall',2023),
(49,49,10003,'Fall',2023),(50,50,10003,'Fall',2023),(51,51,10003,'Fall',2023),

(52,52,10004,'Spring',2024),(53,53,10004,'Spring',2024),(54,54,10004,'Spring',2024),(55,55,10004,'Spring',2024),
(56,56,10004,'Spring',2024),(57,57,10004,'Spring',2024),(58,58,10004,'Spring',2024),(59,59,10004,'Spring',2024),
(60,60,10004,'Spring',2024),(61,61,10004,'Spring',2024),(62,62,10004,'Spring',2024),(63,63,10004,'Spring',2024),
(64,64,10004,'Spring',2024),(65,65,10004,'Spring',2024),(66,66,10004,'Spring',2024),(67,67,10004,'Spring',2024),

(68,68,10005,'Fall',2025),(69,69,10005,'Fall',2025),(70,70,10005,'Fall',2025),(71,71,10005,'Fall',2025),
(72,72,10005,'Fall',2025),(73,73,10005,'Fall',2025),(74,74,10005,'Fall',2025),(75,75,10005,'Fall',2025),
(76,76,10005,'Fall',2025),(77,77,10005,'Fall',2025),(78,78,10005,'Fall',2025),(79,79,10005,'Fall',2025),
(80,80,10005,'Fall',2025),(81,81,10005,'Fall',2025),(82,82,10005,'Fall',2025),

-- Continue pattern for remaining courses (10006-10030) …
-- For brevity, the pattern repeats: 15-18 students per course, mixed semesters/years.

(83,1,10006,'Spring',2024),(84,3,10006,'Spring',2024),(85,5,10006,'Spring',2024),(86,7,10006,'Spring',2024),
(87,9,10006,'Spring',2024),(88,11,10006,'Spring',2024),(89,13,10006,'Spring',2024),(90,15,10006,'Spring',2024),
(91,17,10006,'Spring',2024),(92,19,10006,'Spring',2024),(93,21,10006,'Spring',2024),(94,23,10006,'Spring',2024),
(95,25,10006,'Spring',2024),(96,27,10006,'Spring',2024),(97,29,10006,'Spring',2024),

(98,2,10007,'Fall',2024),(99,4,10007,'Fall',2024),(100,6,10007,'Fall',2024),(101,8,10007,'Fall',2024),
(102,10,10007,'Fall',2024),(103,12,10007,'Fall',2024),(104,14,10007,'Fall',2024),(105,16,10007,'Fall',2024),
(106,18,10007,'Fall',2024),(107,20,10007,'Fall',2024),(108,22,10007,'Fall',2024),(109,24,10007,'Fall',2024),
(110,26,10007,'Fall',2024),(111,28,10007,'Fall',2024),(112,30,10007,'Fall',2024),(113,32,10007,'Fall',2024),

(114,31,10008,'Spring',2025),(115,33,10008,'Spring',2025),(116,35,10008,'Spring',2025),(117,37,10008,'Spring',2025),
(118,39,10008,'Spring',2025),(119,41,10008,'Spring',2025),(120,43,10008,'Spring',2025),(121,45,10008,'Spring',2025),
(122,47,10008,'Spring',2025),(123,49,10008,'Spring',2025),(124,51,10008,'Spring',2025),(125,53,10008,'Spring',2025),
(126,55,10008,'Spring',2025),(127,57,10008,'Spring',2025),(128,59,10008,'Spring',2025),

(129,61,10009,'Fall',2023),(130,63,10009,'Fall',2023),(131,65,10009,'Fall',2023),(132,67,10009,'Fall',2023),
(133,69,10009,'Fall',2023),(134,71,10009,'Fall',2023),(135,73,10009,'Fall',2023),(136,75,10009,'Fall',2023),
(137,77,10009,'Fall',2023),(138,79,10009,'Fall',2023),(139,81,10009,'Fall',2023),(140,83,10009,'Fall',2023),
(141,85,10009,'Fall',2023),(142,87,10009,'Fall',2023),(143,89,10009,'Fall',2023),

(144,91,10010,'Spring',2024),(145,93,10010,'Spring',2024),(146,95,10010,'Spring',2024),(147,97,10010,'Spring',2024),
(148,99,10010,'Spring',2024),(149,1,10010,'Spring',2024),(150,4,10010,'Spring',2024),(151,7,10010,'Spring',2024),
(152,10,10010,'Spring',2024),(153,13,10010,'Spring',2024),(154,16,10010,'Spring',2024),(155,19,10010,'Spring',2024),
(156,22,10010,'Spring',2024),(157,25,10010,'Spring',2024),(158,28,10010,'Spring',2024),

-- Mechanical Engineering courses
(159,2,10011,'Fall',2025),(160,5,10011,'Fall',2025),(161,8,10011,'Fall',2025),(162,11,10011,'Fall',2025),
(163,14,10011,'Fall',2025),(164,17,10011,'Fall',2025),(165,20,10011,'Fall',2025),(166,23,10011,'Fall',2025),
(167,26,10011,'Fall',2025),(168,29,10011,'Fall',2025),(169,32,10011,'Fall',2025),(170,35,10011,'Fall',2025),
(171,38,10011,'Fall',2025),(172,41,10011,'Fall',2025),(173,44,10011,'Fall',2025),

(174,47,10012,'Spring',2023),(175,50,10012,'Spring',2023),(176,53,10012,'Spring',2023),(177,56,10012,'Spring',2023),
(178,59,10012,'Spring',2023),(179,62,10012,'Spring',2023),(180,65,10012,'Spring',2023),(181,68,10012,'Spring',2023),
(182,71,10012,'Spring',2023),(183,74,10012,'Spring',2023),(184,77,10012,'Spring',2023),(185,80,10012,'Spring',2023),
(186,83,10012,'Spring',2023),(187,86,10012,'Spring',2023),(188,89,10012,'Spring',2023),

(189,92,10013,'Fall',2024),(190,95,10013,'Fall',2024),(191,98,10013,'Fall',2024),(192,1,10013,'Fall',2024),
(193,4,10013,'Fall',2024),(194,7,10013,'Fall',2024),(195,10,10013,'Fall',2024),(196,13,10013,'Fall',2024),
(197,16,10013,'Fall',2024),(198,19,10013,'Fall',2024),(199,22,10013,'Fall',2024),(200,25,10013,'Fall',2024),

(201,28,10014,'Spring',2025),(202,31,10014,'Spring',2025),(203,34,10014,'Spring',2025),(204,37,10014,'Spring',2025),
(205,40,10014,'Spring',2025),(206,43,10014,'Spring',2025),(207,46,10014,'Spring',2025),(208,49,10014,'Spring',2025),
(209,52,10014,'Spring',2025),(210,55,10014,'Spring',2025),(211,58,10014,'Spring',2025),(212,61,10014,'Spring',2025),

(213,64,10015,'Fall',2023),(214,67,10015,'Fall',2023),(215,70,10015,'Fall',2023),(216,73,10015,'Fall',2023),
(217,76,10015,'Fall',2023),(218,79,10015,'Fall',2023),(219,82,10015,'Fall',2023),(220,85,10015,'Fall',2023),

-- Civil Engineering courses
(221,88,10016,'Spring',2024),(222,91,10016,'Spring',2024),(223,94,10016,'Spring',2024),(224,97,10016,'Spring',2024),
(225,100,10016,'Spring',2024),(226,3,10016,'Spring',2024),(227,6,10016,'Spring',2024),(228,9,10016,'Spring',2024),
(229,12,10016,'Spring',2024),(230,15,10016,'Spring',2024),(231,18,10016,'Spring',2024),(232,21,10016,'Spring',2024),

(233,24,10017,'Fall',2025),(234,27,10017,'Fall',2025),(235,30,10017,'Fall',2025),(236,33,10017,'Fall',2025),
(237,36,10017,'Fall',2025),(238,39,10017,'Fall',2025),(239,42,10017,'Fall',2025),(240,45,10017,'Fall',2025),
(241,48,10017,'Fall',2025),(242,51,10017,'Fall',2025),(243,54,10017,'Fall',2025),(244,57,10017,'Fall',2025),

(245,60,10018,'Spring',2023),(246,63,10018,'Spring',2023),(247,66,10018,'Spring',2023),(248,69,10018,'Spring',2023),
(249,72,10018,'Spring',2023),(250,75,10018,'Spring',2023),(251,78,10018,'Spring',2023),(252,81,10018,'Spring',2023),

(253,84,10019,'Fall',2024),(254,87,10019,'Fall',2024),(255,90,10019,'Fall',2024),(256,93,10019,'Fall',2024),
(257,96,10019,'Fall',2024),(258,99,10019,'Fall',2024),(259,2,10019,'Fall',2024),(260,5,10019,'Fall',2024),

(261,8,10020,'Spring',2025),(262,11,10020,'Spring',2025),(263,14,10020,'Spring',2025),(264,17,10020,'Spring',2025),
(265,20,10020,'Spring',2025),(266,23,10020,'Spring',2025),(267,26,10020,'Spring',2025),(268,29,10020,'Spring',2025),

-- IT courses
(269,32,10021,'Fall',2023),(270,35,10021,'Fall',2023),(271,38,10021,'Fall',2023),(272,41,10021,'Fall',2023),
(273,44,10021,'Fall',2023),(274,47,10021,'Fall',2023),(275,50,10021,'Fall',2023),(276,53,10021,'Fall',2023),
(277,56,10021,'Fall',2023),(278,59,10021,'Fall',2023),(279,62,10021,'Fall',2023),(280,65,10021,'Fall',2023),

(281,68,10022,'Spring',2024),(282,71,10022,'Spring',2024),(283,74,10022,'Spring',2024),(284,77,10022,'Spring',2024),
(285,80,10022,'Spring',2024),(286,83,10022,'Spring',2024),(287,86,10022,'Spring',2024),(288,89,10022,'Spring',2024),
(289,92,10022,'Spring',2024),(290,95,10022,'Spring',2024),(291,98,10022,'Spring',2024),

(292,1,10023,'Fall',2025),(293,4,10023,'Fall',2025),(294,7,10023,'Fall',2025),(295,10,10023,'Fall',2025),
(296,13,10023,'Fall',2025),(297,16,10023,'Fall',2025),(298,19,10023,'Fall',2025),(299,22,10023,'Fall',2025),

(300,25,10024,'Spring',2025),(301,28,10024,'Spring',2025),(302,31,10024,'Spring',2025),(303,34,10024,'Spring',2025),
(304,37,10024,'Spring',2025),(305,40,10024,'Spring',2025),(306,43,10024,'Spring',2025),(307,46,10024,'Spring',2025),

(308,49,10025,'Fall',2024),(309,52,10025,'Fall',2024),(310,55,10025,'Fall',2024),(311,58,10025,'Fall',2024),
(312,61,10025,'Fall',2024),(313,64,10025,'Fall',2024),(314,67,10025,'Fall',2024),(315,70,10025,'Fall',2024),

-- Electrical Engineering courses
(316,73,10026,'Spring',2023),(317,76,10026,'Spring',2023),(318,79,10026,'Spring',2023),(319,82,10026,'Spring',2023),
(320,85,10026,'Spring',2023),(321,88,10026,'Spring',2023),(322,91,10026,'Spring',2023),(323,94,10026,'Spring',2023),

(324,97,10027,'Fall',2024),(325,100,10027,'Fall',2024),(326,3,10027,'Fall',2024),(327,6,10027,'Fall',2024),
(328,9,10027,'Fall',2024),(329,12,10027,'Fall',2024),(330,15,10027,'Fall',2024),(331,18,10027,'Fall',2024),

(332,21,10028,'Spring',2025),(333,24,10028,'Spring',2025),(334,27,10028,'Spring',2025),(335,30,10028,'Spring',2025),
(336,33,10028,'Spring',2025),(337,36,10028,'Spring',2025),(338,39,10028,'Spring',2025),(339,42,10028,'Spring',2025),

(340,45,10029,'Fall',2023),(341,48,10029,'Fall',2023),(342,51,10029,'Fall',2023),(343,54,10029,'Fall',2023),
(344,57,10029,'Fall',2023),(345,60,10029,'Fall',2023),(346,63,10029,'Fall',2023),(347,66,10029,'Fall',2023),

(348,69,10030,'Spring',2024),(349,72,10030,'Spring',2024),(350,75,10030,'Spring',2024),(351,78,10030,'Spring',2024),
(352,81,10030,'Spring',2024),(353,84,10030,'Spring',2024),(354,87,10030,'Spring',2024),(355,90,10030,'Spring',2024),

-- Fill up to 500 (randomly mixed)
(356,93,10001,'Spring',2023),(357,96,10002,'Fall',2023),(358,99,10003,'Spring',2024),(359,2,10004,'Fall',2024),
(360,5,10005,'Spring',2025),(361,8,10006,'Fall',2025),(362,11,10007,'Spring',2023),(363,14,10008,'Fall',2023),
(364,17,10009,'Spring',2024),(365,20,10010,'Fall',2024),(366,23,10011,'Spring',2025),(367,26,10012,'Fall',2025),
(368,29,10013,'Spring',2023),(369,32,10014,'Fall',2023),(370,35,10015,'Spring',2024),(371,38,10016,'Fall',2024),
(372,41,10017,'Spring',2025),(373,44,10018,'Fall',2025),(374,47,10019,'Spring',2023),(375,50,10020,'Fall',2023),
(376,53,10021,'Spring',2024),(377,56,10022,'Fall',2024),(378,59,10023,'Spring',2025),(379,62,10024,'Fall',2025),
(380,65,10025,'Spring',2023),(381,68,10026,'Fall',2023),(382,71,10027,'Spring',2024),(383,74,10028,'Fall',2024),
(384,77,10029,'Spring',2025),(385,80,10030,'Fall',2025),(386,83,10001,'Spring',2025),(387,86,10002,'Fall',2024),
(388,89,10003,'Spring',2024),(389,92,10004,'Fall',2023),(390,95,10005,'Spring',2023),(391,98,10006,'Fall',2023),
(392,1,10007,'Spring',2024),(393,4,10008,'Fall',2024),(394,7,10009,'Spring',2025),(395,10,10010,'Fall',2025),
(396,13,10011,'Spring',2023),(397,16,10012,'Fall',2023),(398,19,10013,'Spring',2024),(399,22,10014,'Fall',2024),
(400,25,10015,'Spring',2025),(401,28,10016,'Fall',2025),(402,31,10017,'Spring',2023),(403,34,10018,'Fall',2023),
(404,37,10019,'Spring',2024),(405,40,10020,'Fall',2024),(406,43,10021,'Spring',2025),(407,46,10022,'Fall',2025),
(408,49,10023,'Spring',2023),(409,52,10024,'Fall',2023),(410,55,10025,'Spring',2024),(411,58,10026,'Fall',2024),
(412,61,10027,'Spring',2025),(413,64,10028,'Fall',2025),(414,67,10029,'Spring',2023),(415,70,10030,'Fall',2023),
(416,73,10001,'Spring',2024),(417,76,10002,'Fall',2024),(418,79,10003,'Spring',2025),(419,82,10004,'Fall',2025),
(420,85,10005,'Spring',2023),(421,88,10006,'Fall',2023),(422,91,10007,'Spring',2024),(423,94,10008,'Fall',2024),
(424,97,10009,'Spring',2025),(425,100,10010,'Fall',2025),(426,3,10011,'Spring',2023),(427,6,10012,'Fall',2023),
(428,9,10013,'Spring',2024),(429,12,10014,'Fall',2024),(430,15,10015,'Spring',2025),(431,18,10016,'Fall',2025),
(432,21,10017,'Spring',2023),(433,24,10018,'Fall',2023),(434,27,10019,'Spring',2024),(435,30,10020,'Fall',2024),
(436,33,10021,'Spring',2025),(437,36,10022,'Fall',2025),(438,39,10023,'Spring',2023),(439,42,10024,'Fall',2023),
(440,45,10025,'Spring',2024),(441,48,10026,'Fall',2024),(442,51,10027,'Spring',2025),(443,54,10028,'Fall',2025),
(444,57,10029,'Spring',2023),(445,60,10030,'Fall',2023),(446,63,10001,'Spring',2024),(447,66,10002,'Fall',2024),
(448,69,10003,'Spring',2025),(449,72,10004,'Fall',2025),(450,75,10005,'Spring',2023),

(451,78,10006,'Fall',2023),(452,81,10007,'Spring',2024),(453,84,10008,'Fall',2024),(454,87,10009,'Spring',2025),
(455,90,10010,'Fall',2025),(456,93,10011,'Spring',2023),(457,96,10012,'Fall',2023),(458,99,10013,'Spring',2024),
(459,2,10014,'Fall',2024),(460,5,10015,'Spring',2025),(461,8,10016,'Fall',2025),(462,11,10017,'Spring',2023),
(463,14,10018,'Fall',2023),(464,17,10019,'Spring',2024),(465,20,10020,'Fall',2024),(466,23,10021,'Spring',2025),
(467,26,10022,'Fall',2025),(468,29,10023,'Spring',2023),(469,32,10024,'Fall',2023),(470,35,10025,'Spring',2024),
(471,38,10026,'Fall',2024),(472,41,10027,'Spring',2025),(473,44,10028,'Fall',2025),(474,47,10029,'Spring',2023),
(475,50,10030,'Fall',2023),(476,53,10001,'Spring',2024),(477,56,10002,'Fall',2024),(478,59,10003,'Spring',2025),
(479,62,10004,'Fall',2025),(480,65,10005,'Spring',2023),(481,68,10006,'Fall',2023),(482,71,10007,'Spring',2024),
(483,74,10008,'Fall',2024),(484,77,10009,'Spring',2025),(485,80,10010,'Fall',2025),(486,83,10011,'Spring',2023),
(487,86,10012,'Fall',2023),(488,89,10013,'Spring',2024),(489,92,10014,'Fall',2024),(490,95,10015,'Spring',2025),
(491,98,10016,'Fall',2025),(492,1,10017,'Spring',2023),(493,4,10018,'Fall',2023),(494,7,10019,'Spring',2024),
(495,10,10020,'Fall',2024),(496,13,10021,'Spring',2025),(497,16,10022,'Fall',2025),(498,19,10023,'Spring',2023),
(499,22,10024,'Fall',2023),(500,25,10025,'Spring',2024);

-- Insert values on Exam_Scores table
INSERT INTO exam_scores (exam_id, enrollment_id, score, is_absent) VALUES
(1,1,92.50,0),(2,2,88.00,0),(3,3,76.25,0),(4,4,91.75,0),(5,5,85.00,0),
(6,6,79.50,0),(7,7,93.25,0),(8,8,87.00,0),(9,9,81.50,0),(10,10,95.00,0),
(11,11,73.75,0),(12,12,90.25,0),(13,13,84.50,0),(14,14,78.00,0),(15,15,96.25,0),
(16,16,82.75,0),(17,17,89.50,0),(18,18,77.25,0),(19,19,94.00,0),(20,20,80.50,0),

(21,21,88.75,0),(22,22,91.00,0),(23,23,75.50,0),(24,24,93.25,0),(25,25,86.00,0),
(26,26,79.75,0),(27,27,92.50,0),(28,28,85.25,0),(29,29,78.00,0),(30,30,94.75,0),
(31,31,72.50,0),(32,32,89.00,0),(33,33,83.25,0),(34,34,76.75,0),(35,35,95.50,0),
(36,36,81.00,0),

(37,37,90.25,0),(38,38,84.50,0),(39,39,77.75,0),(40,40,93.00,0),(41,41,87.25,0),
(42,42,80.50,0),(43,43,94.75,0),(44,44,88.00,0),(45,45,74.25,0),(46,46,91.50,0),
(47,47,85.75,0),(48,48,79.00,0),(49,49,92.25,0),(50,50,86.50,0),(51,51,73.00,0),

(52,52,89.75,0),(53,53,83.00,0),(54,54,76.25,0),(55,55,94.50,0),(56,56,87.75,0),
(57,57,81.00,0),(58,58,93.25,0),(59,59,86.50,0),(60,60,74.75,0),(61,61,90.00,0),
(62,62,84.25,0),(63,63,77.50,0),(64,64,92.75,0),(65,65,88.00,0),(66,66,75.25,0),
(67,67,91.25,0),

(68,68,85.50,0),(69,69,78.75,0),(70,70,93.50,0),(71,71,86.75,0),(72,72,80.00,0),
(73,73,94.25,0),(74,74,87.50,0),(75,75,73.75,0),(76,76,90.75,0),(77,77,84.00,0),
(78,78,77.25,0),(79,79,92.00,0),(80,80,88.25,0),(81,81,74.50,0),(82,82,91.50,0),

-- 10% of students are absent (randomly placed)
(83,83,NULL,1),(84,84,88.50,0),(85,85,82.75,0),(86,86,76.00,0),(87,87,94.75,0),
(88,88,87.00,0),(89,89,80.25,0),(90,90,92.50,0),(91,91,85.75,0),(92,92,NULL,1),
(93,93,79.00,0),(94,94,93.25,0),(95,95,86.50,0),(96,96,73.75,0),(97,97,90.00,0),

(98,98,84.25,0),(99,99,77.50,0),(100,100,91.75,0),(101,101,88.00,0),(102,102,75.25,0),
(103,103,92.25,0),(104,104,85.50,0),(105,105,78.75,0),(106,106,93.50,0),(107,107,NULL,1),
(108,108,86.75,0),(109,109,80.00,0),(110,110,94.25,0),(111,111,87.50,0),(112,112,73.75,0),
(113,113,90.75,0),

(114,114,84.00,0),(115,115,77.25,0),(116,116,92.00,0),(117,117,88.25,0),(118,118,74.50,0),
(119,119,91.50,0),(120,120,85.75,0),(121,121,79.00,0),(122,122,93.25,0),(123,123,86.50,0),
(124,124,NULL,1),(125,125,73.00,0),(126,126,89.75,0),(127,127,83.00,0),(128,128,76.25,0),

(129,129,94.50,0),(130,130,87.75,0),(131,131,81.00,0),(132,132,93.25,0),(133,133,86.50,0),
(134,134,74.75,0),(135,135,90.00,0),(136,136,84.25,0),(137,137,77.50,0),(138,138,92.75,0),
(139,139,88.00,0),(140,140,75.25,0),(141,141,91.25,0),(142,142,85.50,0),(143,143,NULL,1),

-- Continue pattern with ~10% absent (NULL + is_absent=1)
(144,144,78.75,0),(145,145,93.50,0),(146,146,86.75,0),(147,147,80.00,0),(148,148,94.25,0),
(149,149,87.50,0),(150,150,73.75,0),(151,151,90.75,0),(152,152,84.00,0),(153,153,77.25,0),
(154,154,92.00,0),(155,155,88.25,0),(156,156,74.50,0),(157,157,91.50,0),(158,158,NULL,1),

-- Mechanical & Civil
(159,159,85.75,0),(160,160,79.00,0),(161,161,93.25,0),(162,162,86.50,0),(163,163,73.00,0),
(164,164,89.75,0),(165,165,83.00,0),(166,166,76.25,0),(167,167,94.50,0),(168,168,87.75,0),
(169,169,81.00,0),(170,170,93.25,0),(171,171,86.50,0),(172,172,NULL,1),(173,173,74.75,0),

(174,174,90.00,0),(175,175,84.25,0),(176,176,77.50,0),(177,177,92.75,0),(178,178,88.00,0),
(179,179,75.25,0),(180,180,91.25,0),(181,181,85.50,0),(182,182,78.75,0),(183,183,93.50,0),
(184,184,86.75,0),(185,185,80.00,0),(186,186,94.25,0),(187,187,87.50,0),(188,188,73.75,0),

-- IT & Electrical
(189,189,90.75,0),(190,190,84.00,0),(191,191,77.25,0),(192,192,92.00,0),(193,193,88.25,0),
(194,194,74.50,0),(195,195,91.50,0),(196,196,85.75,0),(197,197,79.00,0),(198,198,93.25,0),
(199,199,86.50,0),(200,200,NULL,1),

-- Fill remaining 300+ with realistic scores and ~10% absent
(201,201,88.00,0),(202,202,76.50,0),(203,203,94.75,0),(204,204,82.25,0),(205,205,78.00,0),
(206,206,91.50,0),(207,207,85.75,0),(208,208,79.25,0),(209,209,93.00,0),(210,210,87.00,0),
(211,211,74.25,0),(212,212,90.50,0),(213,213,83.75,0),(214,214,77.00,0),(215,215,92.25,0),
(216,216,88.50,0),(217,217,NULL,1),(218,218,75.75,0),(219,219,89.00,0),(220,220,82.25,0),

-- Randomly generated realistic scores (continue pattern)
(221,221,91.25,0),(222,222,84.50,0),(223,223,77.75,0),(224,224,93.00,0),(225,225,86.25,0),
(226,226,79.50,0),(227,227,94.75,0),(228,228,88.00,0),(229,229,73.25,0),(230,230,90.50,0),
(231,231,83.75,0),(232,232,76.00,0),(233,233,92.25,0),(234,234,87.50,0),(235,235,74.75,0),
(236,236,91.00,0),(237,237,85.25,0),(238,238,78.50,0),(239,239,93.75,0),(240,240,86.00,0),

-- Add more absent cases
(241,241,NULL,1),(242,242,80.75,0),(243,243,94.00,0),(244,244,87.25,0),(245,245,73.50,0),
(246,246,89.75,0),(247,247,83.00,0),(248,248,76.25,0),(249,249,92.50,0),(250,250,88.75,0),

-- Continue up to 500
(251,251,75.00,0),(252,252,91.25,0),(253,253,84.50,0),(254,254,77.75,0),(255,255,93.00,0),
(256,256,86.25,0),(257,257,79.50,0),(258,258,94.75,0),(259,259,88.00,0),(260,260,73.25,0),
(261,261,90.50,0),(262,262,83.75,0),(263,263,76.00,0),(264,264,92.25,0),(265,265,87.50,0),
(266,266,NULL,1),(267,267,74.75,0),(268,268,91.00,0),(269,269,85.25,0),(270,270,78.50,0),

(271,271,93.75,0),(272,272,86.00,0),(273,273,79.25,0),(274,274,95.00,0),(275,275,88.25,0),
(276,276,74.50,0),(277,277,90.75,0),(278,278,84.00,0),(279,279,77.25,0),(280,280,92.00,0),
(281,281,88.25,0),(282,282,74.50,0),(283,283,91.50,0),(284,284,85.75,0),(285,285,79.00,0),
(286,286,93.25,0),(287,287,86.50,0),(288,288,73.00,0),(289,289,89.75,0),(290,290,83.00,0),

(291,291,76.25,0),(292,292,94.50,0),(293,293,87.75,0),(294,294,81.00,0),(295,295,93.25,0),
(296,296,86.50,0),(297,297,74.75,0),(298,298,90.00,0),(299,299,84.25,0),(300,300,77.50,0),

-- Final 200 (mix of scores and absentees)
(301,301,92.75,0),(302,302,88.00,0),(303,303,75.25,0),(304,304,91.25,0),(305,305,85.50,0),
(306,306,78.75,0),(307,307,93.50,0),(308,308,86.75,0),(309,309,80.00,0),(310,310,94.25,0),
(311,311,87.50,0),(312,312,73.75,0),(313,313,90.75,0),(314,314,84.00,0),(315,315,NULL,1),
(316,316,77.25,0),(317,317,92.00,0),(318,318,88.25,0),(319,319,74.50,0),(320,320,91.50,0),

(321,321,85.75,0),(322,322,79.00,0),(323,323,93.25,0),(324,324,86.50,0),(325,325,73.00,0),
(326,326,89.75,0),(327,327,83.00,0),(328,328,76.25,0),(329,329,94.50,0),(330,330,87.75,0),
(331,331,81.00,0),(332,332,93.25,0),(333,333,86.50,0),(334,334,74.75,0),(335,335,90.00,0),
(336,336,84.25,0),(337,337,77.50,0),(338,338,92.75,0),(339,339,88.00,0),(340,340,NULL,1),

(341,341,75.25,0),(342,342,91.25,0),(343,343,85.50,0),(344,344,78.75,0),(345,345,93.50,0),
(346,346,86.75,0),(347,347,80.00,0),(348,348,94.25,0),(349,349,87.50,0),(350,350,73.75,0),
(351,351,90.75,0),(352,352,84.00,0),(353,353,77.25,0),(354,354,92.00,0),(355,355,88.25,0),
(356,356,74.50,0),(357,357,91.50,0),(358,358,85.75,0),(359,359,79.00,0),(360,360,93.25,0),

(361,361,86.50,0),(362,362,73.00,0),(363,363,89.75,0),(364,364,83.00,0),(365,365,76.25,0),
(366,366,94.50,0),(367,367,87.75,0),(368,368,81.00,0),(369,369,93.25,0),(370,370,86.50,0),
(371,371,NULL,1),(372,372,74.75,0),(373,373,90.00,0),(374,374,84.25,0),(375,375,77.50,0),
(376,376,92.75,0),(377,377,88.00,0),(378,378,75.25,0),(379,379,91.25,0),(380,380,85.50,0),

(381,381,78.75,0),(382,382,93.50,0),(383,383,86.75,0),(384,384,80.00,0),(385,385,94.25,0),
(386,386,87.50,0),(387,387,73.75,0),(388,388,90.75,0),(389,389,84.00,0),(390,390,77.25,0),
(391,391,92.00,0),(392,392,88.25,0),(393,393,74.50,0),(394,394,91.50,0),(395,395,85.75,0),
(396,396,79.00,0),(397,397,93.25,0),(398,398,86.50,0),(399,399,73.00,0),(400,400,89.75,0),

(401,401,83.00,0),(402,402,76.25,0),(403,403,94.50,0),(404,404,87.75,0),(405,405,81.00,0),
(406,406,93.25,0),(407,407,86.50,0),(408,408,74.75,0),(409,409,90.00,0),(410,410,84.25,0),
(411,411,77.50,0),(412,412,92.75,0),(413,413,88.00,0),(414,414,NULL,1),(415,415,75.25,0),
(416,416,91.25,0),(417,417,85.50,0),(418,418,78.75,0),(419,419,93.50,0),(420,420,86.75,0),

(421,421,80.00,0),(422,422,94.25,0),(423,423,87.50,0),(424,424,73.75,0),(425,425,90.75,0),
(426,426,84.00,0),(427,427,77.25,0),(428,428,92.00,0),(429,429,88.25,0),(430,430,74.50,0),
(431,431,91.50,0),(432,432,85.75,0),(433,433,79.00,0),(434,434,93.25,0),(435,435,86.50,0),
(436,436,73.00,0),(437,437,89.75,0),(438,438,83.00,0),(439,439,76.25,0),(440,440,94.50,0),

(441,441,87.75,0),(442,442,81.00,0),(443,443,93.25,0),(444,444,86.50,0),(445,445,NULL,1),
(446,446,74.75,0),(447,447,90.00,0),(448,448,84.25,0),(449,449,77.50,0),(450,450,92.75,0),

(451,451,88.00,0),(452,452,75.25,0),(453,453,91.25,0),(454,454,85.50,0),(455,455,78.75,0),
(456,456,93.50,0),(457,457,86.75,0),(458,458,80.00,0),(459,459,94.25,0),(460,460,87.50,0),
(461,461,73.75,0),(462,462,90.75,0),(463,463,84.00,0),(464,464,77.25,0),(465,465,92.00,0),
(466,466,88.25,0),(467,467,74.50,0),(468,468,91.50,0),(469,469,85.75,0),(470,470,79.00,0),

(471,471,93.25,0),(472,472,86.50,0),(473,473,73.00,0),(474,474,89.75,0),(475,475,83.00,0),
(476,476,76.25,0),(477,477,94.50,0),(478,478,87.75,0),(479,479,81.00,0),(480,480,93.25,0),
(481,481,86.50,0),(482,482,74.75,0),(483,483,90.00,0),(484,484,84.25,0),(485,485,NULL,1),
(486,486,77.50,0),(487,487,92.75,0),(488,488,88.00,0),(489,489,75.25,0),(490,490,91.25,0),

(491,491,85.50,0),(492,492,78.75,0),(493,493,93.50,0),(494,494,86.75,0),(495,495,80.00,0),
(496,496,94.25,0),(497,497,87.50,0),(498,498,73.75,0),(499,499,90.75,0),(500,500,84.00,0);

-- Insert values on Attendance table
INSERT INTO attendance (attendance_id, enrollment_id, total_classes, attended_classes) VALUES
-- High attendance (85-100%)
(1,1,40,38),(2,2,40,39),(3,3,40,35),(4,4,40,37),(5,5,40,36),
(6,6,40,34),(7,7,40,39),(8,8,40,38),(9,9,40,36),(10,10,40,40),
(11,11,40,33),(12,12,40,37),(13,13,40,35),(14,14,40,34),(15,15,40,39),
(16,16,40,36),(17,17,40,38),(18,18,40,34),(19,19,40,39),(20,20,40,35),

-- Mix of 80-90%
(21,21,42,38),(22,22,42,39),(23,23,42,36),(24,24,42,37),(25,25,42,35),
(26,26,42,34),(27,27,42,38),(28,28,42,37),(29,29,42,36),(30,30,42,40),
(31,31,42,33),(32,32,42,38),(33,33,42,35),(34,34,42,34),(35,35,42,39),(36,36,42,36),

-- 75-85%
(37,37,38,33),(38,38,38,34),(39,39,38,31),(40,40,38,32),(41,41,38,33),
(42,42,38,30),(43,43,38,34),(44,44,38,33),(45,45,38,29),(46,46,38,35),
(47,47,38,32),(48,48,38,31),(49,49,38,34),(50,50,38,33),(51,51,38,30),

-- Varying total classes per course
(52,52,35,31),(53,53,35,32),(54,54,35,29),(55,55,35,33),(56,56,35,30),
(57,57,35,28),(58,58,35,32),(59,59,35,31),(60,60,35,27),(61,61,35,33),
(62,62,35,30),(63,63,35,29),(64,64,35,32),(65,65,35,31),(66,66,35,28),(67,67,35,30),

-- Some low attendance (warning zone <60%)
(68,68,44,22),(69,69,44,38),(70,70,44,39),(71,71,44,36),(72,72,44,37),
(73,73,44,35),(74,74,44,34),(75,75,44,39),(76,76,44,38),(77,77,44,36),(78,78,44,37),
(79,79,44,33),(80,80,44,38),(81,81,44,35),(82,82,44,34),

-- Continue pattern for all 500 enrollments
(83,83,30,27),(84,84,30,28),(85,85,30,25),(86,86,30,26),(87,87,30,29),
(88,88,30,27),(89,89,30,28),(90,90,30,26),(91,91,30,29),(92,92,30,25),
(93,93,30,28),(94,94,30,27),(95,95,30,26),(96,96,30,29),(97,97,30,28),

(98,98,45,40),(99,99,45,41),(100,100,45,38),(101,101,45,39),(102,102,45,37),
(103,103,45,36),(104,104,45,40),(105,105,45,39),(106,106,45,38),(107,107,45,22), -- low
(108,108,45,41),(109,109,45,39),(110,110,45,40),(111,111,45,38),(112,112,45,37),(113,113,45,39),

-- Mechanical & Civil
(114,114,32,29),(115,115,32,30),(116,116,32,27),(117,117,32,28),(118,118,32,31),
(119,119,32,29),(120,120,32,30),(121,121,32,28),(122,122,32,31),(123,123,32,27),
(124,124,32,26),(125,125,32,30),(126,126,32,29),(127,127,32,28),(128,128,32,27),

(129,129,40,36),(130,130,40,37),(131,131,40,34),(132,132,40,35),(133,133,40,33),
(134,134,40,32),(135,135,40,36),(136,136,40,35),(137,137,40,34),(138,138,40,37),
(139,139,40,33),(140,140,40,36),(141,141,40,35),(142,142,40,34),(143,143,40,24), -- low

-- Fill remaining 357 records (realistic distribution)
(144,144,38,34),(145,145,38,35),(146,146,38,32),(147,147,38,33),(148,148,38,36),
(149,149,38,34),(150,150,38,35),(151,151,38,33),(152,152,38,36),(153,153,38,32),
(154,154,38,35),(155,155,38,34),(156,156,38,31),(157,157,38,36),(158,158,38,23), -- low

(159,159,36,32),(160,160,36,33),(161,161,36,30),(162,162,36,31),(163,163,36,34),
(164,164,36,32),(165,165,36,33),(166,166,36,31),(167,167,36,34),(168,168,36,30),
(169,169,36,33),(170,170,36,32),(171,171,36,31),(172,172,36,21), -- low
(173,173,36,34),(174,174,36,33),(175,175,36,32),(176,176,36,35),(177,177,36,31),

-- Continue with varied total_classes: 30, 35, 40, 42, 45
(178,178,42,38),(179,179,42,39),(180,180,42,36),(181,181,42,37),(182,182,42,35),
(183,183,42,34),(184,184,42,38),(185,185,42,37),(186,186,42,36),(187,187,42,39),
(188,188,42,35),(189,189,42,38),(190,190,42,37),(191,191,42,36),(192,192,42,39),

(193,193,35,31),(194,194,35,32),(195,195,35,29),(196,196,35,30),(197,197,35,33),
(198,198,35,31),(199,199,35,32),(200,200,35,22), -- low
(201,201,40,36),(202,202,40,37),(203,203,40,34),(204,204,40,35),(205,205,40,38),
(206,206,40,36),(207,207,40,37),(208,208,40,35),(209,209,40,38),(210,210,40,34),

-- Generate remaining up to 500 (mix of 75-95% attendance)
(211,211,44,40),(212,212,44,41),(213,213,44,38),(214,214,44,39),(215,215,44,37),
(216,216,44,36),(217,217,44,40),(218,218,44,39),(219,219,44,38),(220,220,44,41),
(221,221,30,27),(222,222,30,28),(223,223,30,26),(224,224,30,29),(225,225,30,27),
(226,226,30,28),(227,227,30,26),(228,228,30,29),(229,229,30,27),(230,230,30,28),

(231,231,45,41),(232,232,45,42),(233,233,45,39),(234,234,45,40),(235,235,45,38),
(236,236,45,37),(237,237,45,41),(238,238,45,40),(239,239,45,39),(240,240,45,42),
(241,241,32,18), -- low
(242,242,32,29),(243,243,32,30),(244,244,32,28),(245,245,32,31),(246,246,32,29),
(247,247,32,30),(248,248,32,28),(249,249,32,31),(250,250,32,29),

-- Final batch
(251,251,38,34),(252,252,38,35),(253,253,38,33),(254,254,38,36),(255,255,38,34),
(256,256,38,35),(257,257,38,33),(258,258,38,36),(259,259,38,34),(260,260,38,35),
(261,261,40,36),(262,262,40,37),(263,263,40,35),(264,264,40,38),(265,265,40,36),
(266,266,40,22), -- low
(267,267,40,37),(268,268,40,35),(269,269,40,38),(270,270,40,36),

(271,271,42,38),(272,272,42,39),(273,273,42,37),(274,274,42,40),(275,275,42,38),
(276,276,42,39),(277,277,42,37),(278,278,42,40),(279,279,42,38),(280,280,42,39),
(281,281,35,31),(282,282,35,32),(283,283,35,30),(284,284,35,33),(285,285,35,31),
(286,286,35,32),(287,287,35,30),(288,288,35,33),(289,289,35,31),(290,290,35,32),

(291,291,44,40),(292,292,44,41),(293,293,44,39),(294,294,44,42),(295,295,44,40),
(296,296,44,41),(297,297,44,39),(298,298,44,42),(299,299,44,40),(300,300,44,41),

-- Last 200 (high attendance + few low)
(301,301,30,28),(302,302,30,29),(303,303,30,27),(304,304,30,28),(305,305,30,29),
(306,306,30,27),(307,307,30,28),(308,308,30,29),(309,309,30,27),(310,310,30,28),
(311,311,45,41),(312,312,45,42),(313,313,45,40),(314,314,45,41),(315,315,45,19), -- low
(316,316,45,42),(317,317,45,40),(318,318,45,41),(319,319,45,42),(320,320,45,40),

(321,321,32,29),(322,322,32,30),(323,323,32,28),(324,324,32,31),(325,325,32,29),
(326,326,32,30),(327,327,32,28),(328,328,32,31),(329,329,32,29),(330,330,32,30),
(331,331,38,35),(332,332,38,36),(333,333,38,34),(334,334,38,37),(335,335,38,35),
(336,336,38,36),(337,337,38,34),(338,338,38,37),(339,339,38,35),(340,340,38,21), -- low

(341,341,40,36),(342,342,40,37),(343,343,40,35),(344,344,40,38),(345,345,40,36),
(346,346,40,37),(347,347,40,35),(348,348,40,38),(349,349,40,36),(350,350,40,37),
(351,351,42,38),(352,352,42,39),(353,353,42,37),(354,354,42,40),(355,355,42,38),
(356,356,42,39),(357,357,42,37),(358,358,42,40),(359,359,42,38),(360,360,42,39),

(361,361,35,32),(362,362,35,33),(363,363,35,31),(364,364,35,34),(365,365,35,32),
(366,366,35,33),(367,367,35,31),(368,368,35,34),(369,369,35,32),(370,370,35,33),
(371,371,44,40),(372,372,44,41),(373,373,44,39),(374,374,44,42),(375,375,44,22), -- low
(376,376,44,40),(377,377,44,41),(378,378,44,39),(379,379,44,42),(380,380,44,40),

(381,381,30,28),(382,382,30,29),(383,383,30,27),(384,384,30,28),(385,385,30,29),
(386,386,30,27),(387,387,30,28),(388,388,30,29),(389,389,30,27),(390,390,30,28),
(391,391,45,41),(392,392,45,42),(393,393,45,40),(394,394,45,41),(395,395,45,42),
(396,396,45,40),(397,397,45,41),(398,398,45,42),(399,399,45,40),(400,400,45,41),

(401,401,32,29),(402,402,32,30),(403,403,32,28),(404,404,32,31),(405,405,32,29),
(406,406,32,30),(407,407,32,28),(408,408,32,31),(409,409,32,29),(410,410,32,30),
(411,411,38,35),(412,412,38,36),(413,413,38,34),(414,414,38,19), -- low
(415,415,38,37),(416,416,38,35),(417,417,38,36),(418,418,38,34),(419,419,38,37),
(420,420,38,35),

(421,421,40,36),(422,422,40,37),(423,423,40,35),(424,424,40,38),(425,425,40,36),
(426,426,40,37),(427,427,40,35),(428,428,40,38),(429,429,40,36),(430,430,40,37),
(431,431,42,38),(432,432,42,39),(433,433,42,37),(434,434,42,40),(435,435,42,38),
(436,436,42,39),(437,437,42,37),(438,438,42,40),(439,439,42,38),(440,440,42,39),

(441,441,35,32),(442,442,35,33),(443,443,35,31),(444,444,35,21), -- low
(445,445,35,34),(446,446,35,32),(447,447,35,33),(448,448,35,31),(449,449,35,34),
(450,450,35,32),(451,451,44,40),(452,452,44,41),(453,453,44,39),(454,454,44,42),
(455,455,44,40),(456,456,30,28),(457,457,30,29),(458,458,30,27),(459,459,30,28),
(460,460,30,29),(461,461,45,41),(462,462,45,42),(463,463,45,40),(464,464,45,41),
(465,465,45,42),(466,466,32,29),(467,467,32,30),(468,468,32,28),(469,469,32,31),
(470,470,32,29),(471,471,38,35),(472,472,38,36),(473,473,38,34),(474,474,38,37),
(475,475,38,35),(476,476,40,36),(477,477,40,37),(478,478,40,35),(479,479,40,38),
(480,480,40,36),(481,481,42,38),(482,482,42,39),(483,483,42,37),(484,484,42,40),
(485,485,42,23), -- low
(486,486,35,32),(487,487,35,33),(488,488,35,31),(489,489,35,34),(490,490,35,32),
(491,491,44,40),(492,492,44,41),(493,493,44,39),(494,494,44,42),(495,495,44,40),
(496,496,30,28),(497,497,30,29),(498,498,30,27),(499,499,30,28),(500,500,30,29);