-- Insert values on Customers table
INSERT INTO Customers (customer_id, name, email, phone, city, join_date) VALUES
(1, 'Aarav Sharma', 'aarav.sharma@gmail.com', '9876543210', 'Mumbai', '2023-01-15'),
(2, 'Aditi Patel', 'aditi.patel@yahoo.com', '9123456780', 'Ahmedabad', '2022-06-22'),
(3, 'Vivaan Singh', 'vivaan.singh@outlook.com', '9988776655', 'Delhi', '2021-09-10'),
(4, 'Ananya Gupta', 'ananya.gupta@gmail.com', '8765432109', 'Bangalore', '2024-03-18'),
(5, 'Arjun Reddy', 'arjun.reddy@hotmail.com', '7890123456', 'Hyderabad', '2020-11-30'),
(6, 'Diya Mehta', 'diya.mehta@gmail.com', '8901234567', 'Pune', '2023-07-12'),
(7, 'Reyansh Kumar', 'reyansh.k@gmail.com', '9012345678', 'Chennai', '2022-04-05'),
(8, 'Saanvi Desai', 'saanvi.desai@yahoo.com', '8123456789', 'Surat', '2021-12-20'),
(9, 'Ayaan Joshi', 'ayaan.joshi@icloud.com', '7234567890', 'Jaipur', '2024-08-14'),
(10, 'Ishaan Verma', 'ishaan.v@gmail.com', '8345678901', 'Lucknow', '2023-05-27'),
(11, 'Kiara Nair', 'kiara.nair@gmail.com', '9456789012', 'Kochi', '2022-10-03'),
(12, 'Rudra Iyer', 'rudra.iyer@outlook.com', '8567890123', 'Thiruvananthapuram', '2021-07-19'),
(13, 'Myra Kapoor', 'myra.kapoor@gmail.com', '9678901234', 'Indore', '2024-02-28'),
(14, 'Aryan Malhotra', 'aryan.malhotra@yahoo.com', '7789012345', 'Bhopal', '2023-11-11'),
(15, 'Zara Khan', 'zara.khan@gmail.com', '8890123456', 'Patna', '2022-08-07'),
(16, 'Kabir Rao', 'kabir.rao@outlook.com', '9901234567', 'Visakhapatnam', '2021-03-25'),
(17, 'Sia Choudhary', 'sia.choudhary@gmail.com', '7012345678', 'Nagpur', '2024-06-30'),
(18, 'Veer Thakur', 'veer.thakur@yahoo.com', '8123456780', 'Vadodara', '2023-09-17'),
(19, 'Aadhya Yadav', 'aadhya.yadav@gmail.com', '9234567891', 'Kanpur', '2022-12-04'),
(20, 'Krishna Bose', 'krishna.bose@outlook.com', '7345678902', 'Agra', '2021-05-21'),
(21, 'Pari Saxena', 'pari.saxena@gmail.com', '8456789013', 'Nashik', '2024-01-09'),
(22, 'Yash Mittal', 'yash.mittal@yahoo.com', '9567890124', 'Faridabad', '2023-04-16'),
(23, 'Riya Pandey', 'riya.pandey@gmail.com', '6678901235', 'Meerut', '2022-07-23'),
(24, 'Atharv Trivedi', 'atharv.trivedi@outlook.com', '7789012346', 'Varanasi', '2021-10-29'),
(25, 'Navya Shah', 'navya.shah@gmail.com', '8890123457', 'Srinagar', '2024-05-12'),
(26, 'Shaurya Dubey', 'shaurya.dubey@yahoo.com', '9901234568', 'Amritsar', '2023-08-19'),
(27, 'Anvi Agarwal', 'anvi.agarwal@gmail.com', '7012345679', 'Allahabad', '2022-11-25'),
(28, 'Vihaan Goel', 'vihaan.goel@outlook.com', '8123456781', 'Ranchi', '2021-02-14'),
(29, 'Sara Bansal', 'sara.bansal@gmail.com', '9234567892', 'Dhanbad', '2024-07-07'),
(30, 'Arnav Jha', 'arnav.jha@yahoo.com', '7345678903', 'Jamshedpur', '2023-10-22'),
(31, 'Tara Sethi', 'tara.sethi@gmail.com', '8456789014', 'Raipur', '2022-01-30'),
(32, 'Reyansh Batra', 'reyansh.batra@outlook.com', '9567890125', 'Gwalior', '2021-06-18'),
(33, 'Amaira Walia', 'amaira.walia@gmail.com', '6678901236', 'Jabalpur', '2024-03-03'),
(34, 'Aarush Khanna', 'aarush.khanna@yahoo.com', '7789012347', 'Vijayawada', '2023-12-15'),
(35, 'Inaya Chawla', 'inaya.chawla@gmail.com', '8890123458', 'Rajkot', '2022-05-09'),
(36, 'Dhruv Saini', 'dhruv.saini@outlook.com', '9901234569', 'Madurai', '2021-08-26'),
(37, 'Zoya Luthra', 'zoya.luthra@gmail.com', '7012345680', 'Kota', '2024-09-20'),
(38, 'Advik Ahuja', 'advik.ahuja@yahoo.com', '8123456782', 'Bareilly', '2023-02-11'),
(39, 'Naira Sachdeva', 'naira.sachdeva@gmail.com', '9234567893', 'Aligarh', '2022-09-04'),
(40, 'Parth Mangal', 'parth.mangal@outlook.com', '7345678904', 'Moradabad', '2021-11-17'),
(41, 'Kyra Bajaj', 'kyra.bajaj@gmail.com', '8456789015', 'Gorakhpur', '2024-04-25'),
(42, 'Samarth Rathi', 'samarth.rathi@yahoo.com', '9567890126', 'Bhilai', '2023-07-30'),
(43, 'Elina Taneja', 'elina.taneja@gmail.com', '6678901237', 'Jodhpur', '2022-10-12'),
(44, 'Ayaansh Vohra', 'ayaansh.vohra@outlook.com', '7789012348', 'Tiruchirappalli', '2021-01-05'),
(45, 'Hazel Puri', 'hazel.puri@gmail.com', '8890123459', 'Coimbatore', '2024-08-08'),
(46, 'Rian Malhotra', 'rian.malhotra@yahoo.com', '9901234570', 'Salem', '2023-11-23'),
(47, 'Meher Grover', 'meher.grover@gmail.com', '7012345681', 'Warangal', '2022-02-19'),
(48, 'Aarav Khurana', 'aarav.khurana@outlook.com', '8123456783', 'Bhubaneswar', '2021-07-07'),
(49, 'Zara Dhawan', 'zara.dhawan@gmail.com', '9234567894', 'Cuttack', '2024-05-16'),
(50, 'Yuvraj Sodhi', 'yuvraj.sodhi@yahoo.com', '7345678905', 'Rourkela', '2023-09-01'),
(51, 'Anika Sabharwal', 'anika.sabharwal@gmail.com', '8456789016', 'Dehradun', '2022-12-08'),
(52, 'Ahaan Wadhwa', 'ahaan.wadhwa@outlook.com', '9567890127', 'Guwahati', '2021-03-14'),
(53, 'Siya Dhillon', 'siya.dhillon@gmail.com', '6678901238', 'Siliguri', '2024-10-21'),
(54, 'Krish Mehra', 'krish.mehra@yahoo.com', '7789012349', 'Jalandhar', '2023-01-27'),
(55, 'Prisha Brar', 'prisha.brar@gmail.com', '8890123460', 'Ludhiana', '2022-06-15'),
(56, 'Aariz Chadha', 'aariz.chadha@outlook.com', '9901234571', 'Jammu', '2021-09-22'),
(57, 'Vanya Bhasin', 'vanya.bhasin@gmail.com', '7012345682', 'Srinagar', '2024-02-14'),
(58, 'Shivansh Kulkarni', 'shivansh.kulkarni@yahoo.com', '8123456784', 'Belgaum', '2023-05-20'),
(59, 'Alia Nanda', 'alia.nanda@gmail.com', '9234567895', 'Mangalore', '2022-08-26'),
(60, 'Aarush Pillai', 'aarush.pillai@outlook.com', '7345678906', 'Mysore', '2021-11-30'),
(61, 'Tia Menon', 'tia.menon@gmail.com', '8456789017', 'Hubli', '2024-07-03'),
(62, 'Reyansh Shetty', 'reyansh.shetty@yahoo.com', '9567890128', 'Davangere', '2023-10-09'),
(63, 'Aaradhya Kamat', 'aaradhya.kamat@gmail.com', '6678901239', 'Gulbarga', '2022-01-16'),
(64, 'Ayaan Naik', 'ayaan.naik@outlook.com', '7789012350', 'Kolhapur', '2021-04-23'),
(65, 'Saanvi Prabhu', 'saanvi.prabhu@gmail.com', '8890123461', 'Nanded', '2024-11-27'),
(66, 'Vihaan Salvi', 'vihaan.salvi@yahoo.com', '9901234572', 'Sangli', '2023-02-28'),
(67, 'Myra Desai', 'myra.desai@gmail.com', '7012345683', 'Udaipur', '2022-05-05'),
(68, 'Aarav Pawar', 'aarav.pawar@outlook.com', '8123456785', 'Ajmer', '2021-08-11'),
(69, 'Inaya Joshi', 'inaya.joshi@gmail.com', '9234567896', 'Bikaner', '2024-03-19'),
(70, 'Dhruv Rane', 'dhruv.rane@yahoo.com', '7345678907', 'Bhilwara', '2023-06-24'),
(71, 'Zoya More', 'zoya.more@gmail.com', '8456789018', 'Jalgaon', '2022-09-30'),
(72, 'Advik Jadhav', 'advik.jadhav@outlook.com', '9567890129', 'Akola', '2021-12-07'),
(73, 'Naira Patil', 'naira.patil@gmail.com', '6678901240', 'Latur', '2024-08-15'),
(74, 'Parth Gaikwad', 'parth.gaikwad@yahoo.com', '7789012351', 'Dhule', '2023-11-20'),
(75, 'Kyra Sawant', 'kyra.sawant@gmail.com', '8890123462', 'Ahmednagar', '2022-02-26'),
(76, 'Samarth Shinde', 'samarth.shinde@outlook.com', '9901234573', 'Chandrapur', '2021-05-04'),
(77, 'Elina Bhosale', 'elina.bhosale@gmail.com', '7012345684', 'Parbhani', '2024-10-10'),
(78, 'Ayaansh Kale', 'ayaansh.kale@yahoo.com', '8123456786', 'Ichalkaranji', '2023-01-15'),
(79, 'Hazel Chavan', 'hazel.chavan@gmail.com', '9234567897', 'Jalna', '2022-04-21'),
(80, 'Rian Deshmukh', 'rian.deshmukh@outlook.com', '7345678908', 'Bhusawal', '2021-07-28'),
(81, 'Meher Kulkarni', 'meher.kulkarni@gmail.com', '8456789019', 'Amravati', '2024-05-06'),
(82, 'Aarav Mahajan', 'aarav.mahajan@yahoo.com', '9567890130', 'Yavatmal', '2023-08-12'),
(83, 'Zara Phadke', 'zara.phadke@gmail.com', '6678901241', 'Wardha', '2022-11-18'),
(84, 'Yuvraj Ingle', 'yuvraj.ingle@outlook.com', '7789012352', 'Gondia', '2021-02-24'),
(85, 'Anika Dixit', 'anika.dixit@gmail.com', '8890123463', 'Hingoli', '2024-09-01'),
(86, 'Ahaan Tripathi', 'ahaan.tripathi@yahoo.com', '9901234574', 'Bhandara', '2023-12-07'),
(87, 'Siya Mishra', 'siya.mishra@gmail.com', '7012345685', 'Buldhana', '2022-03-14'),
(88, 'Krish Pandey', 'krish.pandey@outlook.com', '8123456787', 'Washim', '2021-06-20'),
(89, 'Prisha Sharma', 'prisha.sharma@gmail.com', '9234567898', 'Osmanabad', '2024-01-28'),
(90, 'Aariz Gupta', 'aariz.gupta@yahoo.com', '7345678909', 'Beed', '2023-04-04'),
(91, 'Vanya Singh', 'vanya.singh@gmail.com', '8456789020', 'Satara', '2022-07-10'),
(92, 'Shivansh Reddy', 'shivansh.reddy@outlook.com', '9567890131', 'Ratnagiri', '2021-10-16'),
(93, 'Alia Mehta', 'alia.mehta@gmail.com', '6678901242', 'Sindhudurg', '2024-06-23'),
(94, 'Aarush Kumar', 'aarush.kumar@yahoo.com', '7789012353', 'Solapur', '2023-09-29'),
(95, 'Tia Desai', 'tia.desai@gmail.com', '8890123464', 'Panchgani', '2022-12-05'),
(96, 'Reyansh Joshi', 'reyansh.joshi@outlook.com', '9901234575', 'Mahabaleshwar', '2021-03-12'),
(97, 'Aaradhya Verma', 'aaradhya.verma@gmail.com', '7012345686', 'Lonavala', '2024-11-18'),
(98, 'Ayaan Nair', 'ayaan.nair@yahoo.com', '8123456788', 'Matheran', '2023-02-23'),
(99, 'Saanvi Iyer', 'saanvi.iyer@gmail.com', '9234567899', 'Alibaug', '2022-05-30'),
(100, 'Vihaan Kapoor', 'vihaan.kapoor@outlook.com', '7345678910', 'Khandala', '2021-09-06');

-- Insert values on Accounts table
INSERT INTO Accounts (account_id, customer_id, account_type, balance, open_date, status) VALUES
(101, 1, 'Savings', 45230.50, '2023-01-20', 'Active'),
(102, 2, 'Current', 187500.00, '2022-07-01', 'Active'),
(103, 3, 'Savings', 8920.75, '2021-09-15', 'Active'),
(104, 4, 'Savings', 67500.30, '2024-03-25', 'Active'),
(105, 5, 'Current', 320000.00, '2020-12-05', 'Active'),
(106, 6, 'Savings', 12450.00, '2023-07-18', 'Active'),
(107, 7, 'Current', 56000.80, '2022-04-10', 'Active'),
(108, 8, 'Savings', 38900.25, '2021-12-25', 'Active'),
(109, 9, 'Savings', 9500.00, '2024-08-20', 'Active'),
(110, 10, 'Current', 210000.00, '2023-06-01', 'Active'),
(111, 11, 'Savings', 67000.40, '2022-10-08', 'Active'),
(112, 12, 'Current', 125000.00, '2021-07-25', 'Closed'),
(113, 13, 'Savings', 41000.60, '2024-03-05', 'Active'),
(114, 14, 'Savings', 28000.00, '2023-11-15', 'Active'),
(115, 15, 'Current', 450000.00, '2022-08-12', 'Active'),
(116, 16, 'Savings', 15600.90, '2021-04-01', 'Active'),
(117, 17, 'Savings', 73000.00, '2024-07-05', 'Active'),
(118, 18, 'Current', 89000.00, '2023-09-20', 'Active'),
(119, 19, 'Savings', 52000.35, '2022-12-10', 'Active'),
(120, 20, 'Current', 175000.00, '2021-05-25', 'Active'),
(121, 21, 'Savings', 33000.00, '2024-01-15', 'Active'),
(122, 22, 'Savings', 9800.50, '2023-04-20', 'Active'),
(123, 23, 'Current', 290000.00, '2022-07-28', 'Active'),
(124, 24, 'Savings', 64000.75, '2021-11-01', 'Active'),
(125, 25, 'Savings', 11000.00, '2024-05-18', 'Active'),
(126, 26, 'Current', 68000.00, '2023-08-25', 'Active'),
(127, 27, 'Savings', 47500.20, '2022-12-01', 'Active'),
(128, 28, 'Current', 135000.00, '2021-02-20', 'Active'),
(129, 29, 'Savings', 29000.00, '2024-07-12', 'Active'),
(130, 30, 'Savings', 8500.00, '2023-10-28', 'Closed'),
(131, 31, 'Current', 410000.00, '2022-02-05', 'Active'),
(132, 32, 'Savings', 62000.45, '2021-06-22', 'Active'),
(133, 33, 'Savings', 37000.00, '2024-03-08', 'Active'),
(134, 34, 'Current', 98000.00, '2023-12-20', 'Active'),
(135, 35, 'Savings', 19500.60, '2022-05-15', 'Active'),
(136, 36, 'Current', 220000.00, '2021-09-01', 'Active'),
(137, 37, 'Savings', 51000.00, '2024-09-25', 'Active'),
(138, 38, 'Savings', 7200.00, '2023-02-15', 'Active'),
(139, 39, 'Current', 165000.00, '2022-09-08', 'Active'),
(140, 40, 'Savings', 43000.80, '2021-11-22', 'Active'),
(141, 41, 'Savings', 89000.00, '2024-05-01', 'Active'),
(142, 42, 'Current', 310000.00, '2023-08-05', 'Active'),
(143, 43, 'Savings', 26000.00, '2022-10-18', 'Active'),
(144, 44, 'Current', 78000.00, '2021-01-10', 'Active'),
(145, 45, 'Savings', 55000.25, '2024-08-12', 'Active'),
(146, 46, 'Current', 195000.00, '2023-11-28', 'Active'),
(147, 47, 'Savings', 34000.00, '2022-02-25', 'Active'),
(148, 48, 'Savings', 10500.00, '2021-07-12', 'Active'),
(149, 49, 'Current', 420000.00, '2024-05-20', 'Active'),
(150, 50, 'Savings', 68000.70, '2023-09-05', 'Active'),
(151, 51, 'Savings', 47000.00, '2022-12-12', 'Active'),
(152, 52, 'Current', 88000.00, '2021-03-18', 'Active'),
(153, 53, 'Savings', 32000.40, '2024-10-25', 'Active'),
(154, 54, 'Current', 260000.00, '2023-02-01', 'Active'),
(155, 55, 'Savings', 59000.00, '2022-06-20', 'Active'),
(156, 56, 'Savings', 14000.00, '2021-09-28', 'Active'),
(157, 57, 'Current', 150000.00, '2024-02-18', 'Active'),
(158, 58, 'Savings', 76000.55, '2023-05-25', 'Active'),
(159, 59, 'Savings', 21000.00, '2022-09-01', 'Active'),
(160, 60, 'Current', 330000.00, '2021-12-05', 'Active'),
(161, 61, 'Savings', 49500.00, '2024-07-08', 'Active'),
(162, 62, 'Current', 115000.00, '2023-10-15', 'Active'),
(163, 63, 'Savings', 38000.30, '2022-01-20', 'Active'),
(164, 64, 'Savings', 9200.00, '2021-04-28', 'Closed'),
(165, 65, 'Current', 480000.00, '2024-12-01', 'Active'),
(166, 66, 'Savings', 63000.00, '2023-03-05', 'Active'),
(167, 67, 'Savings', 27500.00, '2022-05-10', 'Active'),
(168, 68, 'Current', 205000.00, '2021-08-15', 'Active'),
(169, 69, 'Savings', 51000.90, '2024-03-22', 'Active'),
(170, 70, 'Current', 89000.00, '2023-06-28', 'Active'),
(171, 71, 'Savings', 36000.00, '2022-10-05', 'Active'),
(172, 72, 'Savings', 18000.00, '2021-12-12', 'Active'),
(173, 73, 'Current', 375000.00, '2024-08-20', 'Active'),
(174, 74, 'Savings', 69000.40, '2023-11-25', 'Active'),
(175, 75, 'Savings', 44000.00, '2022-03-01', 'Active'),
(176, 76, 'Current', 145000.00, '2021-05-08', 'Active'),
(177, 77, 'Savings', 53000.00, '2024-10-15', 'Active'),
(178, 78, 'Current', 280000.00, '2023-01-20', 'Active'),
(179, 79, 'Savings', 30500.00, '2022-04-25', 'Active'),
(180, 80, 'Savings', 8700.00, '2021-08-01', 'Active'),
(181, 81, 'Current', 410000.00, '2024-05-10', 'Active'),
(182, 82, 'Savings', 72000.60, '2023-08-18', 'Active'),
(183, 83, 'Savings', 25500.00, '2022-11-22', 'Active'),
(184, 84, 'Current', 99000.00, '2021-03-01', 'Active'),
(185, 85, 'Savings', 58000.00, '2024-09-05', 'Active'),
(186, 86, 'Current', 315000.00, '2023-12-10', 'Active'),
(187, 87, 'Savings', 39500.00, '2022-03-18', 'Active'),
(188, 88, 'Savings', 11500.00, '2021-06-25', 'Active'),
(189, 89, 'Current', 460000.00, '2024-02-01', 'Active'),
(190, 90, 'Savings', 66500.25, '2023-04-08', 'Active'),
(191, 91, 'Savings', 48500.00, '2022-07-15', 'Active'),
(192, 92, 'Current', 175000.00, '2021-10-20', 'Active'),
(193, 93, 'Savings', 34500.00, '2024-06-28', 'Active'),
(194, 94, 'Current', 235000.00, '2023-10-05', 'Active'),
(195, 95, 'Savings', 42000.70, '2022-12-10', 'Active'),
(196, 96, 'Savings', 16000.00, '2021-03-15', 'Closed'),
(197, 97, 'Current', 390000.00, '2024-11-20', 'Active'),
(198, 98, 'Savings', 71000.00, '2023-03-01', 'Active'),
(199, 99, 'Savings', 29500.00, '2022-06-05', 'Active'),
(200, 100, 'Current', 155000.00, '2021-09-10', 'Active');

-- Insert values on Transactions table
INSERT INTO Transactions (txn_id, account_id, txn_date, txn_type, amount, merchant, status) VALUES
(201, 101, '2023-02-15 10:30:00', 'Credit', 5000.00, 'Salary - ABC Corp', 'Success'),
(202, 101, '2023-02-16 14:22:10', 'Debit', 1200.50, 'Flipkart', 'Success'),
(203, 102, '2022-07-05 09:15:00', 'Credit', 75000.00, 'Freelance Payment', 'Success'),
(204, 102, '2022-07-06 18:40:22', 'Debit', 850.00, 'Swiggy', 'Success'),
(205, 103, '2021-10-01 11:00:00', 'Credit', 12000.00, 'Refund - Amazon', 'Success'),
(206, 103, '2021-10-02 13:25:30', 'Debit', 450.75, 'Uber', 'Success'),
(207, 104, '2024-04-01 08:00:00', 'Credit', 30000.00, 'Business Income', 'Success'),
(208, 104, '2024-04-02 19:10:15', 'Debit', 3200.00, 'Myntra', 'Success'),
(209, 105, '2020-12-10 12:00:00', 'Credit', 150000.00, 'Loan Disbursal', 'Success'),
(210, 105, '2020-12-11 15:45:00', 'Debit', 50000.00, 'EMI - HDFC Bank', 'Success'),
(211, 106, '2023-07-20 10:20:00', 'Debit', 650.00, 'Zomato', 'Success'),
(212, 106, '2023-07-21 11:30:00', 'Credit', 800.00, 'Cashback - PhonePe', 'Success'),
(213, 107, '2022-04-15 09:00:00', 'Credit', 45000.00, 'Client Payment', 'Success'),
(214, 107, '2022-04-16 17:55:00', 'Transfer', 20000.00, 'To: 108', 'Success'),
(215, 108, '2022-04-16 17:56:00', 'Transfer', 20000.00, 'From: 107', 'Success'),
(216, 108, '2021-12-28 20:10:00', 'Debit', 1800.00, 'MakeMyTrip', 'Success'),
(217, 109, '2024-08-25 13:00:00', 'Debit', 999.00, 'BigBasket', 'Success'),
(218, 109, '2024-08-26 10:15:00', 'Credit', 1500.00, 'Google Pay Reward', 'Success'),
(219, 110, '2023-06-05 11:00:00', 'Credit', 60000.00, 'Rental Income', 'Success'),
(220, 110, '2023-06-06 14:30:00', 'Debit', 3500.00, 'Apollo Pharmacy', 'Success'),
(221, 111, '2022-10-10 09:45:00', 'Debit', 220.00, 'IRCTC', 'Success'),
(222, 111, '2022-10-11 16:20:00', 'Credit', 500.00, 'UPI Refund', 'Success'),
(223, 112, '2021-07-30 12:00:00', 'Debit', 15000.00, 'Credit Card Bill', 'Success'),
(224, 112, '2021-07-30 12:05:00', 'Debit', 15000.00, 'Credit Card Bill', 'Failed'),
(225, 113, '2024-03-10 10:00:00', 'Credit', 25000.00, 'Dividend - SBI MF', 'Success'),
(226, 113, '2024-03-11 18:00:00', 'Debit', 400.00, 'Netflix', 'Success'),
(227, 114, '2023-11-20 14:00:00', 'Debit', 1300.00, 'Dominos', 'Success'),
(228, 114, '2023-11-21 11:30:00', 'Credit', 2000.00, 'Cash Deposit', 'Success'),
(229, 115, '2022-08-15 09:00:00', 'Credit', 100000.00, 'Export Payment', 'Success'),
(230, 115, '2022-08-16 17:00:00', 'Debit', 25000.00, 'Tax Payment', 'Success'),
(231, 116, '2021-04-05 13:20:00', 'Debit', 750.00, 'Reliance Mart', 'Success'),
(232, 116, '2021-04-06 10:00:00', 'Credit', 1000.00, 'Birthday Gift', 'Success'),
(233, 117, '2024-07-10 11:15:00', 'Debit', 550.00, 'Starbucks', 'Success'),
(234, 117, '2024-07-11 15:45:00', 'Transfer', 5000.00, 'To: 118', 'Success'),
(235, 118, '2024-07-11 15:46:00', 'Transfer', 5000.00, 'From: 117', 'Success'),
(236, 118, '2023-09-25 19:30:00', 'Debit', 2100.00, 'BookMyShow', 'Success'),
(237, 119, '2022-12-15 10:00:00', 'Credit', 8000.00, 'Bonus', 'Success'),
(238, 119, '2022-12-16 20:00:00', 'Debit', 300.00, 'Ola', 'Success'),
(239, 120, '2021-06-01 12:00:00', 'Credit', 40000.00, 'Investment Return', 'Success'),
(240, 120, '2021-06-02 16:30:00', 'Debit', 12000.00, 'School Fees', 'Success'),
(241, 121, '2024-01-20 09:30:00', 'Debit', 1800.00, 'Nykaa', 'Success'),
(242, 121, '2024-01-21 11:00:00', 'Credit', 500.00, 'Cashback - Cred', 'Success'),
(243, 122, '2023-04-25 14:00:00', 'Debit', 650.00, 'DMart', 'Success'),
(244, 122, '2023-04-26 10:15:00', 'Credit', 1200.00, 'UPI - friend@oksbi', 'Success'),
(245, 123, '2022-08-01 09:00:00', 'Credit', 85000.00, 'Project Payment', 'Success'),
(246, 123, '2022-08-02 18:45:00', 'Debit', 15000.00, 'Home Loan EMI', 'Success'),
(247, 124, '2021-11-05 11:30:00', 'Debit', 900.00, 'PVR Cinemas', 'Success'),
(248, 124, '2021-11-06 13:00:00', 'Credit', 300.00, 'Referral Bonus', 'Success'),
(249, 125, '2024-05-22 10:00:00', 'Debit', 450.00, 'Rapido', 'Success'),
(250, 125, '2024-05-23 16:20:00', 'Credit', 1000.00, 'Interest Credit', 'Success'),
(251, 126, '2023-08-30 12:00:00', 'Credit', 20000.00, 'Insurance Payout', 'Success'),
(252, 126, '2023-08-31 19:00:00', 'Debit', 800.00, 'Spencer''s', 'Success'),
(253, 127, '2022-12-05 10:30:00', 'Debit', 2500.00, 'Lenskart', 'Success'),
(254, 127, '2022-12-06 11:45:00', 'Credit', 500.00, 'PhonePe Scratch', 'Success'),
(255, 128, '2021-02-25 09:00:00', 'Credit', 30000.00, 'Sales Revenue', 'Success'),
(256, 128, '2021-02-26 17:30:00', 'Debit', 7000.00, 'Electricity Bill', 'Success'),
(257, 129, '2024-07-15 13:00:00', 'Debit', 1200.00, 'Grofers', 'Success'),
(258, 129, '2024-07-16 10:00:00', 'Credit', 800.00, 'Cash Deposit', 'Success'),
(259, 130, '2023-11-01 12:00:00', 'Debit', 999.00, 'Ajio', 'Success'),
(260, 130, '2023-11-02 14:30:00', 'Credit', 100.00, 'Failed Refund', 'Failed'),
(261, 131, '2022-02-10 09:15:00', 'Credit', 50000.00, 'FD Maturity', 'Success'),
(262, 131, '2022-02-11 18:00:00', 'Debit', 10000.00, 'Car Insurance', 'Success'),
(263, 132, '2021-06-25 11:00:00', 'Debit', 350.00, 'Blinkit', 'Success'),
(264, 132, '2021-06-26 15:20:00', 'Credit', 600.00, 'UPI - mom@upi', 'Success'),
(265, 133, '2024-03-12 10:00:00', 'Debit', 1800.00, 'Titan', 'Success'),
(266, 133, '2024-03-13 12:30:00', 'Credit', 2000.00, 'Tax Refund', 'Success'),
(267, 134, '2023-12-22 14:00:00', 'Debit', 2200.00, 'Decathlon', 'Success'),
(268, 134, '2023-12-23 11:00:00', 'Credit', 1500.00, 'Cashback', 'Success'),
(269, 135, '2022-05-20 09:30:00', 'Debit', 750.00, 'Croma', 'Success'),
(270, 135, '2022-05-21 16:45:00', 'Credit', 300.00, 'Google Pay Offer', 'Success'),
(271, 136, '2021-09-05 12:00:00', 'Credit', 70000.00, 'Stock Sale', 'Success'),
(272, 136, '2021-09-06 19:00:00', 'Debit', 20000.00, 'Mutual Fund SIP', 'Success'),
(273, 137, '2024-09-28 10:15:00', 'Debit', 400.00, 'Cafe Coffee Day', 'Success'),
(274, 137, '2024-09-29 13:30:00', 'Credit', 1000.00, 'Interest', 'Success'),
(275, 138, '2023-02-18 11:00:00', 'Debit', 600.00, 'More Supermarket', 'Success'),
(276, 138, '2023-02-19 14:00:00', 'Credit', 500.00, 'UPI Refund', 'Success'),
(277, 139, '2022-09-12 09:00:00', 'Credit', 55000.00, 'Consulting Fee', 'Success'),
(278, 139, '2022-09-13 17:30:00', 'Debit', 8000.00, 'Laptop Repair', 'Success'),
(279, 140, '2021-11-25 12:30:00', 'Debit', 1500.00, 'Jio Recharge', 'Success'),
(280, 140, '2021-11-26 10:00:00', 'Credit', 200.00, 'Cashback', 'Success'),
(281, 141, '2024-05-05 11:00:00', 'Debit', 3200.00, 'Boat Store', 'Success'),
(282, 141, '2024-05-06 15:20:00', 'Credit', 800.00, 'Sale Proceeds', 'Success'),
(283, 142, '2023-08-08 09:00:00', 'Credit', 90000.00, 'Contract Work', 'Success'),
(284, 142, '2023-08-09 18:00:00', 'Debit', 25000.00, 'Home Renovation', 'Success'),
(285, 143, '2022-10-20 13:00:00', 'Debit', 950.00, 'Pantaloons', 'Success'),
(286, 143, '2022-10-21 11:30:00', 'Credit', 1200.00, 'Cash Deposit', 'Success'),
(287, 144, '2021-01-15 10:00:00', 'Credit', 40000.00, 'Annual Bonus', 'Success'),
(288, 144, '2021-01-16 16:45:00', 'Debit', 10000.00, 'Vacation Trip', 'Success'),
(289, 145, '2024-08-15 12:00:00', 'Debit', 1800.00, 'Adidas', 'Success'),
(290, 145, '2024-08-16 14:30:00', 'Credit', 500.00, 'Referral', 'Success'),
(291, 146, '2023-12-01 09:30:00', 'Credit', 60000.00, 'Year-end Bonus', 'Success'),
(292, 146, '2023-12-02 19:00:00', 'Debit', 15000.00, 'Gift Shopping', 'Success'),
(293, 147, '2022-03-01 11:00:00', 'Debit', 700.00, 'Spencer''s', 'Success'),
(294, 147, '2022-03-02 13:20:00', 'Credit', 300.00, 'UPI Cashback', 'Success'),
(295, 148, '2021-07-15 10:15:00', 'Debit', 500.00, 'Uber', 'Success'),
(296, 148, '2021-07-16 12:00:00', 'Credit', 1000.00, 'Interest', 'Success'),
(297, 149, '2024-05-25 09:00:00', 'Credit', 80000.00, 'Property Rent', 'Success'),
(298, 149, '2024-05-26 17:30:00', 'Debit', 20000.00, 'Society Maintenance', 'Success'),
(299, 150, '2023-09-08 11:30:00', 'Debit', 1200.00, 'Reliance Digital', 'Success'),
(300, 150, '2023-09-09 14:00:00', 'Credit', 1500.00, 'Cash Deposit', 'Success');

-- Insert values on Loans table
INSERT INTO Loans (loan_id, customer_id, loan_type, amount, start_date, interest_rate, loan_status) VALUES
(301, 1, 'Home', 4500000.00, '2023-02-10', 8.50, 'Active'),
(302, 2, 'Personal', 250000.00, '2022-07-15', 14.00, 'Active'),
(303, 3, 'Education', 800000.00, '2021-09-20', 7.25, 'Active'),
(304, 4, 'Home', 6500000.00, '2024-04-05', 8.75, 'Active'),
(305, 5, 'Personal', 500000.00, '2020-12-15', 15.50, 'Paid'),
(306, 6, 'Education', 1200000.00, '2023-08-01', 7.00, 'Active'),
(307, 7, 'Home', 3800000.00, '2022-05-10', 8.90, 'Active'),
(308, 8, 'Personal', 150000.00, '2021-12-30', 16.00, 'Paid'),
(309, 9, 'Education', 900000.00, '2024-09-01', 7.10, 'Active'),
(310, 10, 'Home', 5200000.00, '2023-06-15', 8.60, 'Active'),
(311, 11, 'Personal', 300000.00, '2022-10-20', 14.50, 'Active'),
(312, 12, 'Education', 600000.00, '2021-08-05', 7.30, 'Paid'),
(313, 13, 'Home', 7000000.00, '2024-03-15', 8.40, 'Active'),
(314, 14, 'Personal', 400000.00, '2023-11-25', 13.75, 'Active'),
(315, 15, 'Home', 8500000.00, '2022-08-20', 8.80, 'Active'),
(316, 16, 'Education', 750000.00, '2021-04-10', 7.50, 'Active'),
(317, 17, 'Personal', 200000.00, '2024-07-18', 15.00, 'Active'),
(318, 18, 'Home', 4200000.00, '2023-10-01', 8.95, 'Active'),
(319, 19, 'Education', 1100000.00, '2022-12-20', 7.20, 'Active'),
(320, 20, 'Personal', 350000.00, '2021-06-05', 14.25, 'Paid'),
(321, 21, 'Home', 5800000.00, '2024-01-25', 8.70, 'Active'),
(322, 22, 'Education', 500000.00, '2023-05-01', 7.40, 'Active'),
(323, 23, 'Personal', 280000.00, '2022-08-10', 13.90, 'Active'),
(324, 24, 'Home', 4900000.00, '2021-11-15', 9.00, 'Paid'),
(325, 25, 'Education', 950000.00, '2024-06-01', 7.15, 'Active'),
(326, 26, 'Personal', 180000.00, '2023-09-05', 15.75, 'Active'),
(327, 27, 'Home', 6700000.00, '2022-12-10', 8.55, 'Active'),
(328, 28, 'Education', 850000.00, '2021-03-01', 7.60, 'Active'),
(329, 29, 'Personal', 320000.00, '2024-08-05', 14.80, 'Active'),
(330, 30, 'Home', 4100000.00, '2023-11-10', 8.85, 'Paid'),
(331, 31, 'Education', 1300000.00, '2022-02-15', 7.10, 'Active'),
(332, 32, 'Personal', 270000.00, '2021-07-01', 16.25, 'Active'),
(333, 33, 'Home', 7300000.00, '2024-03-20', 8.45, 'Active'),
(334, 34, 'Education', 700000.00, '2023-12-25', 7.35, 'Active'),
(335, 35, 'Personal', 190000.00, '2022-06-01', 15.50, 'Active'),
(336, 36, 'Home', 5500000.00, '2021-09-10', 8.90, 'Active'),
(337, 37, 'Education', 1050000.00, '2024-10-01', 7.00, 'Active'),
(338, 38, 'Personal', 220000.00, '2023-02-20', 14.00, 'Paid'),
(339, 39, 'Home', 4800000.00, '2022-09-15', 8.75, 'Active'),
(340, 40, 'Education', 800000.00, '2021-12-01', 7.50, 'Active'),
(341, 41, 'Personal', 380000.00, '2024-05-10', 13.75, 'Active'),
(342, 42, 'Home', 6200000.00, '2023-08-15', 8.60, 'Active'),
(343, 43, 'Education', 650000.00, '2022-11-01', 7.25, 'Active'),
(344, 44, 'Personal', 150000.00, '2021-01-20', 16.00, 'Paid'),
(345, 45, 'Home', 7600000.00, '2024-08-20', 8.40, 'Active'),
(346, 46, 'Education', 920000.00, '2023-12-01', 7.15, 'Active'),
(347, 47, 'Personal', 260000.00, '2022-03-05', 15.25, 'Active'),
(348, 48, 'Home', 3900000.00, '2021-07-25', 9.10, 'Active'),
(349, 49, 'Education', 1150000.00, '2024-06-05', 7.05, 'Active'),
(350, 50, 'Personal', 310000.00, '2023-09-15', 14.50, 'Active'),
(351, 51, 'Home', 6800000.00, '2022-12-20', 8.70, 'Active'),
(352, 52, 'Education', 750000.00, '2021-04-01', 7.40, 'Paid'),
(353, 53, 'Personal', 200000.00, '2024-11-01', 15.80, 'Active'),
(354, 54, 'Home', 5100000.00, '2023-02-10', 8.95, 'Active'),
(355, 55, 'Education', 880000.00, '2022-07-01', 7.20, 'Active'),
(356, 56, 'Personal', 170000.00, '2021-10-05', 16.50, 'Active'),
(357, 57, 'Home', 7200000.00, '2024-02-25', 8.50, 'Active'),
(358, 58, 'Education', 980000.00, '2023-05-20', 7.10, 'Active'),
(359, 59, 'Personal', 290000.00, '2022-09-10', 14.25, 'Paid'),
(360, 60, 'Home', 4400000.00, '2021-12-15', 9.00, 'Active'),
(361, 61, 'Education', 1250000.00, '2024-07-15', 7.00, 'Active'),
(362, 62, 'Personal', 340000.00, '2023-10-20', 13.90, 'Active'),
(363, 63, 'Home', 5900000.00, '2022-01-25', 8.80, 'Active'),
(364, 64, 'Education', 600000.00, '2021-05-01', 7.60, 'Paid'),
(365, 65, 'Personal', 230000.00, '2024-12-05', 15.00, 'Active'),
(366, 66, 'Home', 6600000.00, '2023-03-15', 8.65, 'Active'),
(367, 67, 'Education', 820000.00, '2022-06-10', 7.30, 'Active'),
(368, 68, 'Personal', 180000.00, '2021-08-20', 16.75, 'Active'),
(369, 69, 'Home', 4700000.00, '2024-04-01', 8.55, 'Active'),
(370, 70, 'Education', 1050000.00, '2023-07-05', 7.15, 'Active'),
(371, 71, 'Personal', 270000.00, '2022-10-15', 14.80, 'Active'),
(372, 72, 'Home', 5300000.00, '2021-12-25', 8.90, 'Paid'),
(373, 73, 'Education', 950000.00, '2024-09-10', 7.05, 'Active'),
(374, 74, 'Personal', 320000.00, '2023-12-01', 13.75, 'Active'),
(375, 75, 'Home', 7800000.00, '2022-03-20', 8.70, 'Active'),
(376, 76, 'Education', 700000.00, '2021-06-15', 7.50, 'Active'),
(377, 77, 'Personal', 210000.00, '2024-10-20', 15.50, 'Active'),
(378, 78, 'Home', 4000000.00, '2023-01-25', 9.05, 'Active'),
(379, 79, 'Education', 1150000.00, '2022-04-10', 7.20, 'Active'),
(380, 80, 'Personal', 160000.00, '2021-09-01', 16.25, 'Paid'),
(381, 81, 'Home', 6900000.00, '2024-05-15', 8.45, 'Active'),
(382, 82, 'Education', 850000.00, '2023-08-20', 7.10, 'Active'),
(383, 83, 'Personal', 300000.00, '2022-11-25', 14.50, 'Active'),
(384, 84, 'Home', 4600000.00, '2021-03-05', 8.95, 'Active'),
(385, 85, 'Education', 1000000.00, '2024-11-10', 7.00, 'Active'),
(386, 86, 'Personal', 250000.00, '2023-12-15', 13.90, 'Active'),
(387, 87, 'Home', 7100000.00, '2022-02-01', 8.60, 'Active'),
(388, 88, 'Education', 750000.00, '2021-07-10', 7.40, 'Paid'),
(389, 89, 'Personal', 190000.00, '2024-01-20', 15.75, 'Active'),
(390, 90, 'Home', 5000000.00, '2023-04-25', 8.80, 'Active'),
(391, 91, 'Education', 900000.00, '2022-08-01', 7.25, 'Active'),
(392, 92, 'Personal', 280000.00, '2021-11-05', 16.00, 'Active'),
(393, 93, 'Home', 6400000.00, '2024-06-10', 8.50, 'Active'),
(394, 94, 'Education', 1100000.00, '2023-09-15', 7.15, 'Active'),
(395, 95, 'Personal', 330000.00, '2022-12-20', 14.25, 'Active'),
(396, 96, 'Home', 4200000.00, '2021-03-25', 9.10, 'Paid'),
(397, 97, 'Education', 1200000.00, '2024-11-05', 7.00, 'Active'),
(398, 98, 'Personal', 220000.00, '2023-02-28', 15.50, 'Active'),
(399, 99, 'Home', 7500000.00, '2022-05-15', 8.70, 'Active'),
(400, 100, 'Education', 800000.00, '2021-10-01', 7.30, 'Active');

-- Insert values on Cards table
INSERT INTO Cards (card_id, customer_id, card_type, limit_amount, issued_date, status) VALUES
(1001, 1, 'Credit', 150000.00, '2023-03-01', 'Active'),
(1002, 1, 'Debit', 50000.00, '2023-03-05', 'Active'),
(1003, 2, 'Credit', 75000.00, '2022-08-01', 'Active'),
(1004, 2, 'Debit', 80000.00, '2022-08-10', 'Blocked'),
(1005, 3, 'Credit', 50000.00, '2021-10-15', 'Active'),
(1006, 3, 'Debit', 10000.00, '2021-10-20', 'Active'),
(1007, 4, 'Credit', 300000.00, '2024-04-10', 'Active'),
(1008, 4, 'Debit', 150000.00, '2024-04-15', 'Active'),
(1009, 5, 'Credit', 100000.00, '2020-12-20', 'Active'),
(1010, 5, 'Debit', 200000.00, '2020-12-25', 'Blocked'),
(1011, 6, 'Credit', 40000.00, '2023-08-10', 'Active'),
(1012, 6, 'Debit', 30000.00, '2023-08-15', 'Active'),
(1013, 7, 'Credit', 200000.00, '2022-05-20', 'Active'),
(1014, 7, 'Debit', 100000.00, '2022-05-25', 'Active'),
(1015, 8, 'Credit', 35000.00, '2021-12-31', 'Active'),
(1016, 8, 'Debit', 25000.00, '2022-01-05', 'Blocked'),
(1017, 9, 'Credit', 120000.00, '2024-09-05', 'Active'),
(1018, 9, 'Debit', 60000.00, '2024-09-10', 'Active'),
(1019, 10, 'Credit', 250000.00, '2023-06-20', 'Active'),
(1020, 10, 'Debit', 180000.00, '2023-06-25', 'Active'),
(1021, 11, 'Credit', 60000.00, '2022-11-01', 'Active'),
(1022, 11, 'Debit', 40000.00, '2022-11-05', 'Active'),
(1023, 12, 'Credit', 45000.00, '2021-08-15', 'Blocked'),
(1024, 12, 'Debit', 35000.00, '2021-08-20', 'Active'),
(1025, 13, 'Credit', 400000.00, '2024-03-25', 'Active'),
(1026, 13, 'Debit', 200000.00, '2024-03-30', 'Active'),
(1027, 14, 'Credit', 80000.00, '2023-12-01', 'Active'),
(1028, 14, 'Debit', 50000.00, '2023-12-05', 'Active'),
(1029, 15, 'Credit', 500000.00, '2022-09-01', 'Active'),
(1030, 15, 'Debit', 300000.00, '2022-09-05', 'Active'),
(1031, 16, 'Credit', 30000.00, '2021-04-20', 'Active'),
(1032, 16, 'Debit', 20000.00, '2021-04-25', 'Active'),
(1033, 17, 'Credit', 180000.00, '2024-07-25', 'Active'),
(1034, 17, 'Debit', 120000.00, '2024-07-30', 'Active'),
(1035, 18, 'Credit', 220000.00, '2023-10-10', 'Active'),
(1036, 18, 'Debit', 150000.00, '2023-10-15', 'Blocked'),
(1037, 19, 'Credit', 70000.00, '2022-12-25', 'Active'),
(1038, 19, 'Debit', 60000.00, '2022-12-30', 'Active'),
(1039, 20, 'Credit', 90000.00, '2021-06-15', 'Active'),
(1040, 20, 'Debit', 80000.00, '2021-06-20', 'Blocked'),
(1041, 21, 'Credit', 350000.00, '2024-02-01', 'Active'),
(1042, 21, 'Debit', 250000.00, '2024-02-05', 'Active'),
(1043, 22, 'Credit', 25000.00, '2023-05-10', 'Active'),
(1044, 22, 'Debit', 15000.00, '2023-05-15', 'Active'),
(1045, 23, 'Credit', 280000.00, '2022-08-20', 'Active'),
(1046, 23, 'Debit', 200000.00, '2022-08-25', 'Active'),
(1047, 24, 'Credit', 100000.00, '2021-11-20', 'Blocked'),
(1048, 24, 'Debit', 90000.00, '2021-11-25', 'Active'),
(1049, 25, 'Credit', 130000.00, '2024-06-10', 'Active'),
(1050, 25, 'Debit', 100000.00, '2024-06-15', 'Active'),
(1051, 26, 'Credit', 60000.00, '2023-09-10', 'Active'),
(1052, 26, 'Debit', 50000.00, '2023-09-15', 'Active'),
(1053, 27, 'Credit', 320000.00, '2022-12-15', 'Active'),
(1054, 27, 'Debit', 220000.00, '2022-12-20', 'Active'),
(1055, 28, 'Credit', 40000.00, '2021-03-10', 'Active'),
(1056, 28, 'Debit', 30000.00, '2021-03-15', 'Blocked'),
(1057, 29, 'Credit', 200000.00, '2024-08-10', 'Active'),
(1058, 29, 'Debit', 150000.00, '2024-08-15', 'Active'),
(1059, 30, 'Credit', 75000.00, '2023-11-15', 'Active'),
(1060, 30, 'Debit', 60000.00, '2023-11-20', 'Active'),
(1061, 31, 'Credit', 450000.00, '2022-02-20', 'Active'),
(1062, 31, 'Debit', 350000.00, '2022-02-25', 'Active'),
(1063, 32, 'Credit', 55000.00, '2021-07-15', 'Active'),
(1064, 32, 'Debit', 40000.00, '2021-07-20', 'Active'),
(1065, 33, 'Credit', 380000.00, '2024-04-01', 'Active'),
(1066, 33, 'Debit', 280000.00, '2024-04-05', 'Blocked'),
(1067, 34, 'Credit', 85000.00, '2023-12-30', 'Active'),
(1068, 34, 'Debit', 70000.00, '2024-01-05', 'Active'),
(1069, 35, 'Credit', 30000.00, '2022-06-10', 'Active'),
(1070, 35, 'Debit', 25000.00, '2022-06-15', 'Active'),
(1071, 36, 'Credit', 270000.00, '2021-09-20', 'Active'),
(1072, 36, 'Debit', 200000.00, '2021-09-25', 'Active'),
(1073, 37, 'Credit', 140000.00, '2024-10-05', 'Active'),
(1074, 37, 'Debit', 110000.00, '2024-10-10', 'Active'),
(1075, 38, 'Credit', 40000.00, '2023-03-01', 'Blocked'),
(1076, 38, 'Debit', 30000.00, '2023-03-05', 'Active'),
(1077, 39, 'Credit', 220000.00, '2022-09-20', 'Active'),
(1078, 39, 'Debit', 170000.00, '2022-09-25', 'Active'),
(1079, 40, 'Credit', 95000.00, '2021-12-10', 'Active'),
(1080, 40, 'Debit', 85000.00, '2021-12-15', 'Active'),
(1081, 41, 'Credit', 330000.00, '2024-05-15', 'Active'),
(1082, 41, 'Debit', 250000.00, '2024-05-20', 'Active'),
(1083, 42, 'Credit', 600000.00, '2023-08-20', 'Active'),
(1084, 42, 'Debit', 400000.00, '2023-08-25', 'Active'),
(1085, 43, 'Credit', 70000.00, '2022-11-10', 'Active'),
(1086, 43, 'Debit', 60000.00, '2022-11-15', 'Blocked'),
(1087, 44, 'Credit', 35000.00, '2021-02-01', 'Active'),
(1088, 44, 'Debit', 25000.00, '2021-02-05', 'Active'),
(1089, 45, 'Credit', 420000.00, '2024-08-25', 'Active'),
(1090, 45, 'Debit', 320000.00, '2024-08-30', 'Active'),
(1091, 46, 'Credit', 180000.00, '2023-12-05', 'Active'),
(1092, 46, 'Debit', 130000.00, '2023-12-10', 'Active'),
(1093, 47, 'Credit', 65000.00, '2022-03-15', 'Active'),
(1094, 47, 'Debit', 50000.00, '2022-03-20', 'Active'),
(1095, 48, 'Credit', 100000.00, '2021-08-01', 'Blocked'),
(1096, 48, 'Debit', 90000.00, '2021-08-05', 'Active'),
(1097, 49, 'Credit', 480000.00, '2024-06-15', 'Active'),
(1098, 49, 'Debit', 380000.00, '2024-06-20', 'Active'),
(1099, 50, 'Credit', 200000.00, '2023-09-20', 'Active'),
(1100, 50, 'Debit', 150000.00, '2023-09-25', 'Active');