-- Insert Values Patients
INSERT INTO patients (patient_id, full_name, gender, date_of_birth, city, phone) VALUES
(101, 'Rohan Verma', 'M', '1989-03-11', 'Mumbai', '9876543101'),
(102, 'Aditi Singh', 'F', '1992-07-21', 'Delhi', '9876543102'),
(103, 'Aman Gupta', 'M', '1985-10-05', 'Bengaluru', '9876543103'),
(104, 'Kavya Sharma', 'F', '1996-04-14', 'Chennai', '9876543104'),
(105, 'Vikas Yadav', 'M', '1991-12-30', 'Kolkata', '9876543105'),
(106, 'Neha Patel', 'F', '1988-02-19', 'Pune', '9876543106'),
(107, 'Rajat Mehra', 'M', '1993-09-07', 'Jaipur', '9876543107'),
(108, 'Meera Kapoor', 'F', '1997-11-23', 'Surat', '9876543108'),
(109, 'Arjun Nair', 'M', '1990-05-18', 'Mumbai', '9876543109'),
(110, 'Simran Kaur', 'F', '1994-01-25', 'Delhi', '9876543110'),
(111, 'Priya Singh', 'F', '1998-03-19', 'Pune', '9876543111'),
(112, 'Harsh Jain', 'M', '1989-07-08', 'Lucknow', '9876543112'),
(113, 'Anjali Mishra', 'F', '1995-12-04', 'Indore', '9876543113'),
(114, 'Rahul Kumar', 'M', '1987-11-12', 'Bengaluru', '9876543114'),
(115, 'Sneha Reddy', 'F', '1992-05-29', 'Hyderabad', '9876543115'),
(116, 'Nikhil Tiwari', 'M', '1990-09-17', 'Chennai', '9876543116'),
(117, 'Pooja Sharma', 'F', '1999-10-30', 'Kolkata', '9876543117'),
(118, 'Sanjay Patel', 'M', '1986-06-10', 'Surat', '9876543118'),
(119, 'Deepika Rao', 'F', '1991-02-15', 'Mumbai', '9876543119'),
(120, 'Aakash Sinha', 'M', '1993-04-13', 'Delhi', '9876543120'),
(121, 'Riya Jain', 'F', '1994-08-22', 'Lucknow', '9876543121'),
(122, 'Manish Gupta', 'M', '1995-01-09', 'Indore', '9876543122'),
(123, 'Tina Das', 'F', '1998-06-03', 'Kolkata', '9876543123'),
(124, 'Vivek Shah', 'M', '1989-03-16', 'Surat', '9876543124'),
(125, 'Ankit Yadav', 'M', '1996-09-27', 'Bengaluru', '9876543125'),
(126, 'Manpreet Kaur', 'F', '1997-11-14', 'Amritsar', '9876543126'),
(127, 'Rohan Joshi', 'M', '1986-10-11', 'Hyderabad', '9876543127'),
(128, 'Shreya Roy', 'F', '1993-02-12', 'Kolkata', '9876543128'),
(129, 'Karan Arora', 'M', '1991-04-28', 'Delhi', '9876543129'),
(130, 'Divya Shetty', 'F', '1988-07-25', 'Mumbai', '9876543130'),
(131, 'Varun Malhotra', 'M', '1987-01-06', 'Chennai', '9876543131'),
(132, 'Radhika Mehta', 'F', '1990-09-13', 'Pune', '9876543132'),
(133, 'Suresh Chandra', 'M', '1985-12-02', 'Lucknow', '9876543133'),
(134, 'Ananya Pandey', 'F', '1996-08-24', 'Jaipur', '9876543134'),
(135, 'Mohit Saxena', 'M', '1992-05-21', 'Indore', '9876543135'),
(136, 'Payal Gupta', 'F', '1999-03-28', 'Bengaluru', '9876543136'),
(137, 'Ashish Jain', 'M', '1988-07-19', 'Surat', '9876543137'),
(138, 'Nisha Agarwal', 'F', '1997-01-30', 'Mumbai', '9876543138'),
(139, 'Rakesh Kumar', 'M', '1991-10-17', 'Delhi', '9876543139'),
(140, 'Harpreet Singh', 'M', '1986-09-05', 'Amritsar', '9876543140'),
(141, 'Snehal Patil', 'F', '1993-11-08', 'Pune', '9876543141'),
(142, 'Abhishek Verma', 'M', '1994-06-14', 'Kanpur', '9876543142'),
(143, 'Sonali Desai', 'F', '1990-01-19', 'Surat', '9876543143'),
(144, 'Siddharth Rao', 'M', '1993-05-11', 'Hyderabad', '9876543144'),
(145, 'Neeraj Sharma', 'M', '1987-02-03', 'Bengaluru', '9876543145'),
(146, 'Jyoti Singh', 'F', '1998-09-21', 'Delhi', '9876543146'),
(147, 'Gaurav Patel', 'M', '1995-07-04', 'Ahmedabad', '9876543147'),
(148, 'Ritu Chopra', 'F', '1996-03-16', 'Jaipur', '9876543148'),
(149, 'Akhil Bansal', 'M', '1991-11-22', 'Chennai', '9876543149'),
(150, 'Pallavi Nair', 'F', '1994-04-26', 'Bengaluru', '9876543150');

-- Insert Values Doctors
INSERT INTO doctors (doctor_id, full_name, specialty, department, joining_date) VALUES
(201, 'Dr. Arvind Mehta', 'Cardiology', 'Heart Care', '2015-03-12'),
(202, 'Dr. Nisha Kapoor', 'Neurology', 'Neuro Care', '2016-07-22'),
(203, 'Dr. Karan Sethi', 'Orthopedics', 'Bone & Joint', '2017-01-10'),
(204, 'Dr. Pooja Rao', 'Pediatrics', 'Child Care', '2018-04-15'),
(205, 'Dr. Rakesh Nair', 'Dermatology', 'Skin Care', '2019-09-05'),
(206, 'Dr. Sneha Verma', 'Oncology', 'Cancer Care', '2020-02-19'),
(207, 'Dr. Vikram Singh', 'ENT', 'ENT Care', '2016-11-03'),
(208, 'Dr. Anjali Sharma', 'Gynaecology', 'Women Care', '2017-05-27'),
(209, 'Dr. Rohit Khanna', 'Cardiology', 'Heart Care', '2014-08-14'),
(210, 'Dr. Ritu Joshi', 'Psychiatry', 'Mental Health', '2021-03-09'),
(211, 'Dr. Mohan Shukla', 'General Medicine', 'Internal Medicine', '2015-10-12'),
(212, 'Dr. Alka Gupta', 'Neurology', 'Neuro Care', '2018-06-30'),
(213, 'Dr. Varun Saxena', 'Orthopedics', 'Bone & Joint', '2019-12-18'),
(214, 'Dr. Heena Kaur', 'Pediatrics', 'Child Care', '2022-02-11'),
(215, 'Dr. Sunil Bhatt', 'Dermatology', 'Skin Care', '2016-04-08'),
(216, 'Dr. Swati Pandey', 'Oncology', 'Cancer Care', '2017-09-19'),
(217, 'Dr. Manish Jain', 'ENT', 'ENT Care', '2018-01-25'),
(218, 'Dr. Krishna Menon', 'Gynaecology', 'Women Care', '2013-12-03'),
(219, 'Dr. Deepa Agarwal', 'Cardiology', 'Heart Care', '2020-07-21'),
(220, 'Dr. Prasad Rao', 'Psychiatry', 'Mental Health', '2019-05-06'),
(221, 'Dr. Tarun Bhatia', 'General Medicine', 'Internal Medicine', '2016-01-07'),
(222, 'Dr. Neeta Parikh', 'Neurology', 'Neuro Care', '2021-08-15'),
(223, 'Dr. Rajat Patil', 'Orthopedics', 'Bone & Joint', '2013-11-29'),
(224, 'Dr. Shivani Reddy', 'Pediatrics', 'Child Care', '2019-03-14'),
(225, 'Dr. Gaurav Trivedi', 'Dermatology', 'Skin Care', '2014-10-22'),
(226, 'Dr. Kavita Sharma', 'Oncology', 'Cancer Care', '2015-06-10'),
(227, 'Dr. Ashok Kumar', 'ENT', 'ENT Care', '2022-01-04'),
(228, 'Dr. Meenakshi Iyer', 'Gynaecology', 'Women Care', '2020-09-26'),
(229, 'Dr. Nitin Chawla', 'Cardiology', 'Heart Care', '2018-12-16'),
(230, 'Dr. Pritika Soni', 'Psychiatry', 'Mental Health', '2023-04-01');

-- Insert Values Visits
INSERT INTO visits (visit_id, patient_id, doctor_id, visit_date, diagnosis, visit_type) VALUES
(301, 101, 201, '2024-01-05', 'Chest Pain', 'OPD'),
(302, 102, 204, '2024-01-06', 'Fever', 'OPD'),
(303, 103, 203, '2024-01-09', 'Knee Pain', 'OPD'),
(304, 104, 208, '2024-01-09', 'Pregnancy Checkup', 'OPD'),
(305, 105, 205, '2024-01-11', 'Skin Rash', 'OPD'),
(306, 106, 202, '2024-01-12', 'Migraine', 'OPD'),
(307, 107, 211, '2024-01-13', 'Hypertension', 'OPD'),
(308, 108, 214, '2024-01-15', 'Cold & Cough', 'OPD'),
(309, 109, 217, '2024-01-16', 'Ear Pain', 'OPD'),
(310, 110, 206, '2024-01-17', 'Tumor Check', 'OPD'),
(311, 111, 219, '2024-01-18', 'Heart Checkup', 'OPD'),
(312, 112, 201, '2024-01-19', 'Breathing Issues', 'OPD'),
(313, 113, 203, '2024-01-20', 'Shoulder Pain', 'OPD'),
(314, 114, 212, '2024-01-22', 'Headache', 'OPD'),
(315, 115, 216, '2024-01-23', 'Cancer Screening', 'OPD'),
(316, 116, 213, '2024-01-25', 'Joint Pain', 'OPD'),
(317, 117, 204, '2024-01-26', 'Flu Symptoms', 'OPD'),
(318, 118, 205, '2024-01-27', 'Dermatitis', 'OPD'),
(319, 119, 220, '2024-01-28', 'Anxiety', 'OPD'),
(320, 120, 221, '2024-01-29', 'Diabetes Check', 'OPD'),
(321, 121, 203, '2024-02-01', 'Back Pain', 'OPD'),
(322, 122, 204, '2024-02-02', 'Fever', 'OPD'),
(323, 123, 205, '2024-02-03', 'Skin Allergy', 'OPD'),
(324, 124, 206, '2024-02-04', 'Cancer Diagnosis', 'IPD'),
(325, 125, 207, '2024-02-06', 'Hearing Loss', 'OPD'),
(326, 126, 208, '2024-02-07', 'Pregnancy', 'OPD'),
(327, 127, 209, '2024-02-08', 'Heart Screening', 'OPD'),
(328, 128, 202, '2024-02-09', 'Seizures', 'OPD'),
(329, 129, 210, '2024-02-10', 'Depression', 'OPD'),
(330, 130, 211, '2024-02-11', 'Weakness', 'OPD'),
(331, 131, 223, '2024-02-12', 'Fracture', 'IPD'),
(332, 132, 214, '2024-02-14', 'Cold', 'OPD'),
(333, 133, 213, '2024-02-15', 'Joint Pain', 'OPD'),
(334, 134, 225, '2024-02-16', 'Rashes', 'OPD'),
(335, 135, 226, '2024-02-17', 'Chemotherapy', 'IPD'),
(336, 136, 217, '2024-02-18', 'Ear Infection', 'OPD'),
(337, 137, 218, '2024-02-19', 'Gyne Checkup', 'OPD'),
(338, 138, 206, '2024-02-20', 'Cancer Checkup', 'OPD'),
(339, 139, 221, '2024-02-21', 'Diabetes', 'OPD'),
(340, 140, 222, '2024-02-22', 'Brain Scan', 'IPD'),
(341, 141, 203, '2024-02-24', 'Bone Pain', 'OPD'),
(342, 142, 201, '2024-02-25', 'Heart Pain', 'OPD'),
(343, 143, 205, '2024-02-26', 'Skin Burns', 'OPD'),
(344, 144, 212, '2024-02-27', 'Nerve Damage', 'OPD'),
(345, 145, 213, '2024-02-28', 'Joint Pain', 'OPD'),
(346, 146, 220, '2024-02-29', 'Stress', 'OPD'),
(347, 147, 223, '2024-03-01', 'Fracture', 'IPD'),
(348, 148, 224, '2024-03-02', 'Fever', 'OPD'),
(349, 149, 219, '2024-03-03', 'Cardiac Issue', 'IPD'),
(350, 150, 228, '2024-03-04', 'Pregnancy Check', 'OPD');

-- Insert Values Admissions
INSERT INTO admissions (admission_id, patient_id, doctor_id, admit_date, discharge_date, room_type, admission_reason) VALUES
(401, 101, 201, '2024-01-05', '2024-01-10', 'Normal', 'Chest pain'),
(402, 102, 202, '2024-01-12', '2024-01-18', 'ICU', 'Stroke'),
(403, 103, 203, '2024-02-03', '2024-02-06', 'Normal', 'Fracture'),
(404, 104, 204, '2024-02-10', '2024-02-12', 'Normal', 'Fever'),
(405, 105, 205, '2024-02-15', '2024-02-18', 'Normal', 'Skin rash'),
(406, 106, 206, '2024-03-01', '2024-03-12', 'ICU', 'Cancer treatment'),
(407, 107, 207, '2024-03-15', '2024-03-17', 'Normal', 'Ear infection'),
(408, 108, 208, '2024-03-21', '2024-03-24', 'Normal', 'Pregnancy care'),
(409, 109, 209, '2024-04-02', '2024-04-08', 'ICU', 'Heart attack'),
(410, 110, 210, '2024-04-10', '2024-04-14', 'Normal', 'Anxiety'),
(411, 111, 211, '2024-04-15', '2024-04-22', 'Normal', 'Diabetes'),
(412, 112, 212, '2024-05-01', '2024-05-07', 'Normal', 'Migraine'),
(413, 113, 213, '2024-05-10', '2024-05-14', 'Normal', 'Knee pain'),
(414, 114, 214, '2024-05-18', '2024-05-20', 'Normal', 'Child fever'),
(415, 115, 215, '2024-05-25', '2024-05-28', 'Normal', 'Skin allergy'),
(416, 116, 216, '2024-06-01', '2024-06-09', 'ICU', 'Cancer surgery'),
(417, 117, 217, '2024-06-15', '2024-06-18', 'Normal', 'Tonsillitis'),
(418, 118, 218, '2024-06-20', '2024-06-25', 'Normal', 'Pregnancy care'),
(419, 119, 219, '2024-07-01', '2024-07-08', 'ICU', 'Heart blockage'),
(420, 120, 220, '2024-07-10', '2024-07-12', 'Normal', 'Depression'),
(421, 121, 221, '2024-07-18', '2024-07-21', 'Normal', 'Viral fever'),
(422, 122, 222, '2024-07-26', '2024-07-28', 'Normal', 'Migraine'),
(423, 123, 223, '2024-08-02', '2024-08-04', 'Normal', 'Leg fracture'),
(424, 124, 224, '2024-08-08', '2024-08-11', 'Normal', 'Child fever'),
(425, 125, 225, '2024-08-20', '2024-08-25', 'Normal', 'Skin issues'),
(426, 126, 226, '2024-09-01', '2024-09-09', 'ICU', 'Cancer therapy'),
(427, 127, 227, '2024-09-12', '2024-09-14', 'Normal', 'Sinus'),
(428, 128, 228, '2024-09-18', '2024-09-25', 'Normal', 'Pregnancy care'),
(429, 129, 229, '2024-10-01', '2024-10-06', 'ICU', 'Heart treatment'),
(430, 130, 230, '2024-10-08', '2024-10-11', 'Normal', 'Mental stress'),
(431, 131, 201, '2024-10-15', '2024-10-21', 'Normal', 'Heart issues'),
(432, 132, 202, '2024-10-25', '2024-10-30', 'ICU', 'Brain infection'),
(433, 133, 203, '2024-11-04', '2024-11-10', 'Normal', 'Shoulder dislocation'),
(434, 134, 204, '2024-11-12', '2024-11-14', 'Normal', 'Child care'),
(435, 135, 205, '2024-11-20', '2024-11-23', 'Normal', 'Skin burns'),
(436, 136, 206, '2024-12-01', '2024-12-10', 'ICU', 'Cancer session'),
(437, 137, 207, '2024-12-12', '2024-12-15', 'Normal', 'Ear blockage'),
(438, 138, 208, '2024-12-16', '2024-12-20', 'Normal', 'Pregnancy care'),
(439, 139, 209, '2024-12-22', '2024-12-30', 'ICU', 'Heart surgery'),
(440, 140, 210, '2024-12-26', '2024-12-29', 'Normal', 'Mental anxiety');

-- Insert Values Treatments
INSERT INTO treatments (treatment_id, admission_id, treatment_name, treatment_cost, treatment_date) VALUES
(1, 401, 'Blood Test', 1200.00, '2024-01-11'),
(2, 401, 'X-Ray', 2000.00, '2024-01-12'),
(3, 402, 'Angiography', 18000.00, '2024-02-18'),
(4, 403, 'MRI Scan', 8500.00, '2024-03-23'),
(5, 404, 'Appendectomy', 30000.00, '2024-04-02'),
(6, 405, 'Dialysis', 4500.00, '2024-05-07'),
(7, 406, 'Chemotherapy', 25000.00, '2024-06-13'),
(8, 407, 'Surgery', 50000.00, '2024-07-03'),
(9, 408, 'Blood Transfusion', 7000.00, '2024-08-12'),
(10, 409, 'CT Scan', 6500.00, '2024-09-14'),
(11, 410, 'Skin Biopsy', 4000.00, '2024-10-21'),
(12, 411, 'Endoscopy', 9000.00, '2024-11-15'),
(13, 412, 'EEG Test', 6000.00, '2024-12-06'),
(14, 413, 'Asthma Nebulization', 900.00, '2024-01-18'),
(15, 414, 'Ultrasound', 2500.00, '2024-02-10'),
(16, 415, 'Bronchoscopy', 12000.00, '2024-03-19'),
(17, 416, 'Vaccination', 800.00, '2024-04-27'),
(18, 417, 'Platelet Therapy', 11000.00, '2024-05-22'),
(19, 418, 'Bariatric Surgery', 65000.00, '2024-06-26'),
(20, 419, 'Casting', 7000.00, '2024-07-17'),
(21, 420, 'Ortho Surgery', 45000.00, '2024-08-08'),
(22, 421, 'Colonoscopy', 9000.00, '2024-09-02'),
(23, 422, 'ECG', 1500.00, '2024-10-04'),
(24, 423, 'Prostate Exam', 5000.00, '2024-11-11'),
(25, 424, 'Tonsil Removal', 15000.00, '2024-12-10'),
(26, 425, 'Jaw Realignment', 75000.00, '2024-01-06'),
(27, 426, 'Prenatal Checkup', 3500.00, '2024-02-18'),
(28, 427, 'Glaucoma Surgery', 40000.00, '2024-03-03'),
(29, 428, 'Cholesterol Test', 1000.00, '2024-04-12'),
(30, 429, 'Insulin Therapy', 2500.00, '2024-05-22'),
(31, 430, 'Neuro Scan', 15000.00, '2024-06-30'),
(32, 431, 'Head CT', 8000.00, '2024-07-04'),
(33, 432, 'Heart Bypass', 120000.00, '2024-08-10'),
(34, 433, 'Allergy Test', 1400.00, '2024-06-03'),
(35, 434, 'Neurosurgery', 150000.00, '2024-10-22'),
(36, 435, 'Pulmonary Test', 3500.00, '2024-03-12'),
(37, 436, 'Hair PRP', 5000.00, '2024-02-16'),
(38, 437, 'Ventilator Support', 20000.00, '2024-09-08'),
(39, 438, 'Flu Treatment', 1200.00, '2024-05-26'),
(40, 439, 'Liver Biopsy', 32000.00, '2024-01-12'),
(41, 440, 'Thyroid Test', 1600.00, '2024-04-06');

-- Insert Values Billing
INSERT INTO billing (bill_id, admission_id, total_amount, payment_method, payment_status) VALUES
(501, 401, 5200.00, 'Card', 'Paid'),
(502, 402, 18200.00, 'Cash', 'Paid'),
(503, 403, 8600.00, 'UPI', 'Paid'),
(504, 404, 30500.00, 'Card', 'Paid'),
(505, 405, 4800.00, 'Cash', 'Pending'),
(506, 406, 26000.00, 'UPI', 'Paid'),
(507, 407, 50500.00, 'Card', 'Paid'),
(508, 408, 7200.00, 'Card', 'Paid'),
(509, 409, 6800.00, 'Cash', 'Pending'),
(510, 410, 4200.00, 'UPI', 'Paid'),
(511, 411, 9100.00, 'Card', 'Paid'),
(512, 412, 6200.00, 'Cash', 'Pending'),
(513, 413, 950.00, 'UPI', 'Paid'),
(514, 414, 2600.00, 'Card', 'Paid'),
(515, 415, 12200.00, 'Card', 'Pending'),
(516, 416, 750.00, 'UPI', 'Paid'),
(517, 417, 11100.00, 'Cash', 'Paid'),
(518, 418, 65500.00, 'Card', 'Paid'),
(519, 419, 7400.00, 'UPI', 'Pending'),
(520, 420, 45200.00, 'Card', 'Paid'),
(521, 421, 9200.00, 'UPI', 'Paid'),
(522, 422, 1600.00, 'Cash', 'Pending'),
(523, 423, 5200.00, 'Card', 'Paid'),
(524, 424, 15500.00, 'UPI', 'Paid'),
(525, 425, 75500.00, 'Card', 'Paid'),
(526, 426, 3600.00, 'Cash', 'Paid'),
(527, 427, 40200.00, 'UPI', 'Paid'),
(528, 428, 1100.00, 'Card', 'Paid'),
(529, 429, 2700.00, 'UPI', 'Pending'),
(530, 430, 15500.00, 'Card', 'Paid'),
(531, 431, 8200.00, 'Cash', 'Paid'),
(532, 432, 125000.00, 'Card', 'Paid'),
(533, 433, 1500.00, 'UPI', 'Pending'),
(534, 434, 152000.00, 'Card', 'Paid'),
(535, 435, 3600.00, 'UPI', 'Paid'),
(536, 436, 5200.00, 'Cash', 'Paid'),
(537, 437, 20500.00, 'Card', 'Paid'),
(538, 438, 1300.00, 'UPI', 'Pending'),
(539, 439, 32500.00, 'Card', 'Paid'),
(540, 440, 1800.00, 'Cash', 'Paid');